review_id,matched_product_id,brand,model,platform,marketplace_context,source_item_id,product_url,review_text,review_title,rating,review_date,reviewer_country,verified_purchase,helpful_votes,language,collection_method,source_dataset,sample_frame,notes,char_length,word_count,exclamation_count,question_count,digit_count,uppercase_ratio,positive_word_count,negative_word_count,sentiment_score,sentiment_rating_mismatch,extreme_rating,product,category,main_model_prediction,main_model_score
aliexpress_0323dcb69e315c5d,baseus_bowie_ma10,Baseus,Bowie MA10,AliExpress,AliExpress global English-language reviews,1005005742938199,https://www.aliexpress.com/item/1005005742938199.html,"Earphones are perfect! Sound is very good, noise cancellation working very well, I recommend the seller!",,5.0,2024-09-27,SK,unknown,,en,published_web_scraped_corpus,https://raw.githubusercontent.com/george07-t/AliExpress-Product-Review-Reply-Management-System/main/1.%20Dataset%20Collection/Product%20Review%20Of%20AliExpress.csv,Deterministic random sample of 100 from 117 English five-star reviews for the exact item.,Reviewer name was not retained.,104,16,2,0,0,0.03529411764705882,3,0,0.1875,0,1,Baseus Bowie MA10,Electronics,0,-0.2786280736308324
aliexpress_035f3e6023bb6649,baseus_bowie_ma10,Baseus,Bowie MA10,AliExpress,AliExpress global English-language reviews,1005005742938199,https://www.aliexpress.com/item/1005005742938199.html,"Good price quality ratio, battery is best",,5.0,2024-10-30,MX,unknown,,en,published_web_scraped_corpus,https://raw.githubusercontent.com/george07-t/AliExpress-Product-Review-Reply-Management-System/main/1.%20Dataset%20Collection/Product%20Review%20Of%20AliExpress.csv,Deterministic random sample of 100 from 117 English five-star reviews for the exact item.,Reviewer name was not retained.,41,7,0,0,0,0.029411764705882353,3,0,0.42857142857142855,0,1,Baseus Bowie MA10,Electronics,0,-0.2563501764566011
aliexpress_054bcd7a1c92e53a,baseus_bowie_ma10,Baseus,Bowie MA10,AliExpress,AliExpress global English-language reviews,1005005742938199,https://www.aliexpress.com/item/1005005742938199.html,"Great headphones! Very durable battery, they play beautifully!! Can't hear the surroundings, great bass",,5.0,2024-11-03,PL,unknown,,en,published_web_scraped_corpus,https://raw.githubusercontent.com/george07-t/AliExpress-Product-Review-Reply-Management-System/main/1.%20Dataset%20Collection/Product%20Review%20Of%20AliExpress.csv,Deterministic random sample of 100 from 117 English five-star reviews for the exact item.,Reviewer name was not retained.,103,15,3,0,0,0.03571428571428571,3,0,0.2,0,1,Baseus Bowie MA10,Electronics,0,-1.751423510958055
aliexpress_05f6dcdbfc761805,baseus_bowie_ma10,Baseus,Bowie MA10,AliExpress,AliExpress global English-language reviews,1005005742938199,https://www.aliexpress.com/item/1005005742938199.html,"All right, I would have liked noise cancellation to be more effective",,5.0,2024-10-26,PE,unknown,,en,published_web_scraped_corpus,https://raw.githubusercontent.com/george07-t/AliExpress-Product-Review-Reply-Management-System/main/1.%20Dataset%20Collection/Product%20Review%20Of%20AliExpress.csv,Deterministic random sample of 100 from 117 English five-star reviews for the exact item.,Reviewer name was not retained.,69,12,0,0,0,0.03508771929824561,0,0,0.0,0,1,Baseus Bowie MA10,Electronics,0,-0.2112203589627022
aliexpress_095f8c99b81b595d,baseus_bowie_ma10,Baseus,Bowie MA10,AliExpress,AliExpress global English-language reviews,1005005742938199,https://www.aliexpress.com/item/1005005742938199.html,Quality product compares.,,5.0,2024-09-19,ES,unknown,,en,published_web_scraped_corpus,https://raw.githubusercontent.com/george07-t/AliExpress-Product-Review-Reply-Management-System/main/1.%20Dataset%20Collection/Product%20Review%20Of%20AliExpress.csv,Deterministic random sample of 100 from 117 English five-star reviews for the exact item.,Reviewer name was not retained.,25,3,0,0,0,0.045454545454545456,1,0,0.3333333333333333,0,1,Baseus Bowie MA10,Electronics,1,0.4661866627237662
aliexpress_0e401525df649fdd,baseus_bowie_ma10,Baseus,Bowie MA10,AliExpress,AliExpress global English-language reviews,1005005742938199,https://www.aliexpress.com/item/1005005742938199.html,Earphones are excellent only long delivery,,5.0,2024-10-21,IL,unknown,,en,published_web_scraped_corpus,https://raw.githubusercontent.com/george07-t/AliExpress-Product-Review-Reply-Management-System/main/1.%20Dataset%20Collection/Product%20Review%20Of%20AliExpress.csv,Deterministic random sample of 100 from 117 English five-star reviews for the exact item.,Reviewer name was not retained.,42,6,0,0,0,0.02702702702702703,1,0,0.16666666666666666,0,1,Baseus Bowie MA10,Electronics,0,-0.34072352276199447
aliexpress_123bf968ecb73e81,baseus_bowie_ma10,Baseus,Bowie MA10,AliExpress,AliExpress global English-language reviews,1005005742938199,https://www.aliexpress.com/item/1005005742938199.html,the best,,5.0,2025-01-19,US,unknown,,en,published_web_scraped_corpus,https://raw.githubusercontent.com/george07-t/AliExpress-Product-Review-Reply-Management-System/main/1.%20Dataset%20Collection/Product%20Review%20Of%20AliExpress.csv,Deterministic random sample of 100 from 117 English five-star reviews for the exact item.,Reviewer name was not retained.,8,2,0,0,0,0.0,1,0,0.5,0,1,Baseus Bowie MA10,Electronics,0,-0.12948138550025245
aliexpress_1313b1452213fa96,baseus_bowie_ma10,Baseus,Bowie MA10,AliExpress,AliExpress global English-language reviews,1005005742938199,https://www.aliexpress.com/item/1005005742938199.html,"Good headphones, however, when first turned on, the sound was like a bucket, but then they played out.",,5.0,2024-10-09,RU,unknown,,en,published_web_scraped_corpus,https://raw.githubusercontent.com/george07-t/AliExpress-Product-Review-Reply-Management-System/main/1.%20Dataset%20Collection/Product%20Review%20Of%20AliExpress.csv,Deterministic random sample of 100 from 117 English five-star reviews for the exact item.,Reviewer name was not retained.,102,18,0,0,0,0.0125,1,0,0.05555555555555555,0,1,Baseus Bowie MA10,Electronics,0,-1.4682015431499975
aliexpress_14bb85ffe3f870a4,baseus_bowie_ma10,Baseus,Bowie MA10,AliExpress,AliExpress global English-language reviews,1005005742938199,https://www.aliexpress.com/item/1005005742938199.html,"The product corresponds to the description, in shipping was fast by the seller, the transfer by the parcel if it was a little slower than normal, but it was good in general.",,5.0,2024-10-04,PT,unknown,,en,published_web_scraped_corpus,https://raw.githubusercontent.com/george07-t/AliExpress-Product-Review-Reply-Management-System/main/1.%20Dataset%20Collection/Product%20Review%20Of%20AliExpress.csv,Deterministic random sample of 100 from 117 English five-star reviews for the exact item.,Reviewer name was not retained.,173,32,0,0,0,0.007246376811594203,2,0,0.0625,0,1,Baseus Bowie MA10,Electronics,0,-0.8112011045588805
aliexpress_1704e00318a9554a,baseus_bowie_ma10,Baseus,Bowie MA10,AliExpress,AliExpress global English-language reviews,1005005742938199,https://www.aliexpress.com/item/1005005742938199.html,Perfectly good quality fast delivery.,,5.0,2024-11-04,NL,unknown,,en,published_web_scraped_corpus,https://raw.githubusercontent.com/george07-t/AliExpress-Product-Review-Reply-Management-System/main/1.%20Dataset%20Collection/Product%20Review%20Of%20AliExpress.csv,Deterministic random sample of 100 from 117 English five-star reviews for the exact item.,Reviewer name was not retained.,37,5,0,0,0,0.03125,3,0,0.6,0,1,Baseus Bowie MA10,Electronics,1,0.24786993674533564
aliexpress_173ff91ddb8297e7,baseus_bowie_ma10,Baseus,Bowie MA10,AliExpress,AliExpress global English-language reviews,1005005742938199,https://www.aliexpress.com/item/1005005742938199.html,"Cool earphones!! comfirtable in the ear, good sound. delivery was more slowly thsn expected (Seller shipped in the next to the payment day, but stacks somewhere for more than month)",,5.0,2024-10-16,IL,unknown,,en,published_web_scraped_corpus,https://raw.githubusercontent.com/george07-t/AliExpress-Product-Review-Reply-Management-System/main/1.%20Dataset%20Collection/Product%20Review%20Of%20AliExpress.csv,Deterministic random sample of 100 from 117 English five-star reviews for the exact item.,Reviewer name was not retained.,181,30,2,0,0,0.013793103448275862,1,0,0.03333333333333333,0,1,Baseus Bowie MA10,Electronics,0,-1.656413643388761
aliexpress_17dbc743544f8662,baseus_bowie_ma10,Baseus,Bowie MA10,AliExpress,AliExpress global English-language reviews,1005005742938199,https://www.aliexpress.com/item/1005005742938199.html,"High quality headphones. Good Bass, noise cancellation is great, their battery lasts about 8 hours continuous, recharge in 30 to 40 min, and the case of it is simply impeccable, I have already recharged the headphones twice and the battery in the case is still in 97%. Very good product and arrived in 14 days",,5.0,2024-10-15,BR,unknown,,en,published_web_scraped_corpus,https://raw.githubusercontent.com/george07-t/AliExpress-Product-Review-Reply-Management-System/main/1.%20Dataset%20Collection/Product%20Review%20Of%20AliExpress.csv,Deterministic random sample of 100 from 117 English five-star reviews for the exact item.,Reviewer name was not retained.,309,55,0,0,9,0.02100840336134454,4,0,0.07272727272727272,0,1,Baseus Bowie MA10,Electronics,0,-1.5236579784614954
aliexpress_18de1d4b03618877,baseus_bowie_ma10,Baseus,Bowie MA10,AliExpress,AliExpress global English-language reviews,1005005742938199,https://www.aliexpress.com/item/1005005742938199.html,"You will not get better headphones for this money! Sound is great, quality baseus good and the app works fine",,5.0,2024-09-28,SRB,unknown,,en,published_web_scraped_corpus,https://raw.githubusercontent.com/george07-t/AliExpress-Product-Review-Reply-Management-System/main/1.%20Dataset%20Collection/Product%20Review%20Of%20AliExpress.csv,Deterministic random sample of 100 from 117 English five-star reviews for the exact item.,Reviewer name was not retained.,109,20,1,0,0,0.022727272727272728,3,0,0.15,0,1,Baseus Bowie MA10,Electronics,0,-0.5158118330625463
aliexpress_1ec6b40662ce65d4,baseus_bowie_ma10,Baseus,Bowie MA10,AliExpress,AliExpress global English-language reviews,1005005742938199,https://www.aliexpress.com/item/1005005742938199.html,"Net that they are incredible, they came to me 7 days ago, and the battery has not run out. In the sound they are very good and very comfortable.",,5.0,2024-11-03,MX,unknown,,en,published_web_scraped_corpus,https://raw.githubusercontent.com/george07-t/AliExpress-Product-Review-Reply-Management-System/main/1.%20Dataset%20Collection/Product%20Review%20Of%20AliExpress.csv,Deterministic random sample of 100 from 117 English five-star reviews for the exact item.,Reviewer name was not retained.,144,29,0,0,1,0.018018018018018018,2,0,0.06896551724137931,0,1,Baseus Bowie MA10,Electronics,0,-0.7580382496668381
aliexpress_200dde2f71babd5c,baseus_bowie_ma10,Baseus,Bowie MA10,AliExpress,AliExpress global English-language reviews,1005005742938199,https://www.aliexpress.com/item/1005005742938199.html,Great headphones. Clear sound and excellent bass. Quite ergonomic. Are firm and do not come out easily.,,5.0,2024-09-27,BR,unknown,,en,published_web_scraped_corpus,https://raw.githubusercontent.com/george07-t/AliExpress-Product-Review-Reply-Management-System/main/1.%20Dataset%20Collection/Product%20Review%20Of%20AliExpress.csv,Deterministic random sample of 100 from 117 English five-star reviews for the exact item.,Reviewer name was not retained.,103,17,0,0,0,0.04819277108433735,2,0,0.11764705882352941,0,1,Baseus Bowie MA10,Electronics,0,-1.1670619395239215
aliexpress_26cdc225a38c2e2b,baseus_bowie_ma10,Baseus,Bowie MA10,AliExpress,AliExpress global English-language reviews,1005005742938199,https://www.aliexpress.com/item/1005005742938199.html,"Really is good, and the box is really big, but the battery is eternal.",,5.0,2024-09-21,BR,unknown,,en,published_web_scraped_corpus,https://raw.githubusercontent.com/george07-t/AliExpress-Product-Review-Reply-Management-System/main/1.%20Dataset%20Collection/Product%20Review%20Of%20AliExpress.csv,Deterministic random sample of 100 from 117 English five-star reviews for the exact item.,Reviewer name was not retained.,70,14,0,0,0,0.018518518518518517,1,0,0.07142857142857142,0,1,Baseus Bowie MA10,Electronics,0,-0.5062675980455247
aliexpress_2b87fc5684a03a14,baseus_bowie_ma10,Baseus,Bowie MA10,AliExpress,AliExpress global English-language reviews,1005005742938199,https://www.aliexpress.com/item/1005005742938199.html,earphones are good quality and best sound,,5.0,2024-10-08,CZ,unknown,,en,published_web_scraped_corpus,https://raw.githubusercontent.com/george07-t/AliExpress-Product-Review-Reply-Management-System/main/1.%20Dataset%20Collection/Product%20Review%20Of%20AliExpress.csv,Deterministic random sample of 100 from 117 English five-star reviews for the exact item.,Reviewer name was not retained.,41,7,0,0,0,0.0,3,0,0.42857142857142855,0,1,Baseus Bowie MA10,Electronics,1,0.774886611866594
aliexpress_2b962988d39982d8,baseus_bowie_ma10,Baseus,Bowie MA10,AliExpress,AliExpress global English-language reviews,1005005742938199,https://www.aliexpress.com/item/1005005742938199.html,"Absurd headphones, my previous was the Redmi buds 3 Pro, but this is without comparison, absurd quality, serious in the right measure, and sharp treble, give to use as a headset on the computer too, very good!!",,5.0,2024-11-06,BR,unknown,,en,published_web_scraped_corpus,https://raw.githubusercontent.com/george07-t/AliExpress-Product-Review-Reply-Management-System/main/1.%20Dataset%20Collection/Product%20Review%20Of%20AliExpress.csv,Deterministic random sample of 100 from 117 English five-star reviews for the exact item.,Reviewer name was not retained.,210,37,2,0,1,0.018292682926829267,2,0,0.05405405405405406,0,1,Baseus Bowie MA10,Electronics,0,-0.7069641093293764
aliexpress_2d6ff08d178b40da,baseus_bowie_ma10,Baseus,Bowie MA10,AliExpress,AliExpress global English-language reviews,1005005742938199,https://www.aliexpress.com/item/1005005742938199.html,Excellent headphones. the sound is good. I recommend it,,5.0,2024-11-08,UA,unknown,,en,published_web_scraped_corpus,https://raw.githubusercontent.com/george07-t/AliExpress-Product-Review-Reply-Management-System/main/1.%20Dataset%20Collection/Product%20Review%20Of%20AliExpress.csv,Deterministic random sample of 100 from 117 English five-star reviews for the exact item.,Reviewer name was not retained.,55,9,0,0,0,0.044444444444444446,3,0,0.3333333333333333,0,1,Baseus Bowie MA10,Electronics,0,-0.2525124229668978
aliexpress_2e68df519d99d493,baseus_bowie_ma10,Baseus,Bowie MA10,AliExpress,AliExpress global English-language reviews,1005005742938199,https://www.aliexpress.com/item/1005005742938199.html,sound quality is surprisingly good. the case is a bit large and heavy. battey last a long time.,,5.0,2024-09-06,IL,unknown,,en,published_web_scraped_corpus,https://raw.githubusercontent.com/george07-t/AliExpress-Product-Review-Reply-Management-System/main/1.%20Dataset%20Collection/Product%20Review%20Of%20AliExpress.csv,Deterministic random sample of 100 from 117 English five-star reviews for the exact item.,Reviewer name was not retained.,95,18,0,0,0,0.0,2,0,0.1111111111111111,0,1,Baseus Bowie MA10,Electronics,1,0.09412779764563584
aliexpress_3275e4dc98149844,baseus_bowie_ma10,Baseus,Bowie MA10,AliExpress,AliExpress global English-language reviews,1005005742938199,https://www.aliexpress.com/item/1005005742938199.html,Everything is ok!,,5.0,2024-10-24,US,unknown,,en,published_web_scraped_corpus,https://raw.githubusercontent.com/george07-t/AliExpress-Product-Review-Reply-Management-System/main/1.%20Dataset%20Collection/Product%20Review%20Of%20AliExpress.csv,Deterministic random sample of 100 from 117 English five-star reviews for the exact item.,Reviewer name was not retained.,17,3,1,0,0,0.07142857142857142,0,0,0.0,0,1,Baseus Bowie MA10,Electronics,0,-0.8149051264286484
aliexpress_39af02a21f6f995c,baseus_bowie_ma10,Baseus,Bowie MA10,AliExpress,AliExpress global English-language reviews,1005005742938199,https://www.aliexpress.com/item/1005005742938199.html,"Kind of bulky and heavy, but sound quality is AMAZING",,5.0,2025-01-27,US,unknown,,en,published_web_scraped_corpus,https://raw.githubusercontent.com/george07-t/AliExpress-Product-Review-Reply-Management-System/main/1.%20Dataset%20Collection/Product%20Review%20Of%20AliExpress.csv,Deterministic random sample of 100 from 117 English five-star reviews for the exact item.,Reviewer name was not retained.,53,10,0,0,0,0.18604651162790697,2,0,0.2,0,1,Baseus Bowie MA10,Electronics,0,-0.00891120177895488
aliexpress_3c57ca1f5c01e348,baseus_bowie_ma10,Baseus,Bowie MA10,AliExpress,AliExpress global English-language reviews,1005005742938199,https://www.aliexpress.com/item/1005005742938199.html,Flawless Finish,,5.0,2024-11-04,BR,unknown,,en,published_web_scraped_corpus,https://raw.githubusercontent.com/george07-t/AliExpress-Product-Review-Reply-Management-System/main/1.%20Dataset%20Collection/Product%20Review%20Of%20AliExpress.csv,Deterministic random sample of 100 from 117 English five-star reviews for the exact item.,Reviewer name was not retained.,15,2,0,0,0,0.14285714285714285,0,0,0.0,0,1,Baseus Bowie MA10,Electronics,1,0.12731838930531075
aliexpress_437e1c60f3287bf0,baseus_bowie_ma10,Baseus,Bowie MA10,AliExpress,AliExpress global English-language reviews,1005005742938199,https://www.aliexpress.com/item/1005005742938199.html,"At first I thought it was a little too big. But after I personalised it with my ear, changing its rubbers, it looks perfect. High load. Very beautiful What fucks was the tax, but other than that. Perfect, in addition to the sound quality that is well balanced, even too much, if it had a little more bass and medium. I 'd think it's better, but it's not his proposal.",,5.0,2024-09-25,BR,unknown,,en,published_web_scraped_corpus,https://raw.githubusercontent.com/george07-t/AliExpress-Product-Review-Reply-Management-System/main/1.%20Dataset%20Collection/Product%20Review%20Of%20AliExpress.csv,Deterministic random sample of 100 from 117 English five-star reviews for the exact item.,Reviewer name was not retained.,367,72,0,0,0,0.031914893617021274,3,0,0.041666666666666664,0,1,Baseus Bowie MA10,Electronics,0,-0.7338462416028508
aliexpress_4bb3304a18741f78,baseus_bowie_ma10,Baseus,Bowie MA10,AliExpress,AliExpress global English-language reviews,1005005742938199,https://www.aliexpress.com/item/1005005742938199.html,Device arrived well and quickly. It has great quality and good cost-effective delivery.,,5.0,2024-10-15,UY,unknown,,en,published_web_scraped_corpus,https://raw.githubusercontent.com/george07-t/AliExpress-Product-Review-Reply-Management-System/main/1.%20Dataset%20Collection/Product%20Review%20Of%20AliExpress.csv,Deterministic random sample of 100 from 117 English five-star reviews for the exact item.,Reviewer name was not retained.,87,14,0,0,0,0.027777777777777776,3,0,0.21428571428571427,0,1,Baseus Bowie MA10,Electronics,0,-0.03675112230436106
aliexpress_4c4247770796bc74,baseus_bowie_ma10,Baseus,Bowie MA10,AliExpress,AliExpress global English-language reviews,1005005742938199,https://www.aliexpress.com/item/1005005742938199.html,The handset and top the best handset I ever had has quality I recommend I am very pleased with the purchase thank you for the service note 10,,5.0,2024-09-25,BR,unknown,,en,published_web_scraped_corpus,https://raw.githubusercontent.com/george07-t/AliExpress-Product-Review-Reply-Management-System/main/1.%20Dataset%20Collection/Product%20Review%20Of%20AliExpress.csv,Deterministic random sample of 100 from 117 English five-star reviews for the exact item.,Reviewer name was not retained.,141,28,0,0,2,0.03571428571428571,3,0,0.10714285714285714,0,1,Baseus Bowie MA10,Electronics,0,-0.9447581052226515
aliexpress_4ce12211c116c614,baseus_bowie_ma10,Baseus,Bowie MA10,AliExpress,AliExpress global English-language reviews,1005005742938199,https://www.aliexpress.com/item/1005005742938199.html,Amazing headphones really particularly interested in reducing interest in reducing decibels that works is just a pleasure of headphones interest time a bit that took a little more than usual but it was worth waiting.,,5.0,2024-09-07,IL,unknown,,en,published_web_scraped_corpus,https://raw.githubusercontent.com/george07-t/AliExpress-Product-Review-Reply-Management-System/main/1.%20Dataset%20Collection/Product%20Review%20Of%20AliExpress.csv,Deterministic random sample of 100 from 117 English five-star reviews for the exact item.,Reviewer name was not retained.,216,35,0,0,0,0.0055248618784530384,1,0,0.02857142857142857,0,1,Baseus Bowie MA10,Electronics,0,-1.2457954200102044
aliexpress_4e40c5acf24b3f43,baseus_bowie_ma10,Baseus,Bowie MA10,AliExpress,AliExpress global English-language reviews,1005005742938199,https://www.aliexpress.com/item/1005005742938199.html,"Request was made on the 11/09 and arrived on the 24/09 in the Valparaiso de Goiás. I found it fast. I'm going to talk, I'm a bass player and my business is serious, it has a lot of volume and a very good record, it still manages to make its Equalization, which is even better. Can go without fear bearers.",,5.0,2024-09-24,BR,unknown,,en,published_web_scraped_corpus,https://raw.githubusercontent.com/george07-t/AliExpress-Product-Review-Reply-Management-System/main/1.%20Dataset%20Collection/Product%20Review%20Of%20AliExpress.csv,Deterministic random sample of 100 from 117 English five-star reviews for the exact item.,Reviewer name was not retained.,305,64,0,0,8,0.035398230088495575,2,0,0.03125,0,1,Baseus Bowie MA10,Electronics,0,-0.41834930287558203
aliexpress_546dcab948ce0463,baseus_bowie_ma10,Baseus,Bowie MA10,AliExpress,AliExpress global English-language reviews,1005005742938199,https://www.aliexpress.com/item/1005005742938199.html,"Sensational phone, the best I 've ever had.",,5.0,2024-10-30,BR,unknown,,en,published_web_scraped_corpus,https://raw.githubusercontent.com/george07-t/AliExpress-Product-Review-Reply-Management-System/main/1.%20Dataset%20Collection/Product%20Review%20Of%20AliExpress.csv,Deterministic random sample of 100 from 117 English five-star reviews for the exact item.,Reviewer name was not retained.,43,8,0,0,0,0.06060606060606061,1,0,0.125,0,1,Baseus Bowie MA10,Electronics,1,0.22839141791382567
aliexpress_5a8419f4b39ccedf,baseus_bowie_ma10,Baseus,Bowie MA10,AliExpress,AliExpress global English-language reviews,1005005742938199,https://www.aliexpress.com/item/1005005742938199.html,Thank you very much excellent product recommend great quality,,5.0,2024-10-04,BR,unknown,,en,published_web_scraped_corpus,https://raw.githubusercontent.com/george07-t/AliExpress-Product-Review-Reply-Management-System/main/1.%20Dataset%20Collection/Product%20Review%20Of%20AliExpress.csv,Deterministic random sample of 100 from 117 English five-star reviews for the exact item.,Reviewer name was not retained.,61,9,0,0,0,0.018867924528301886,4,0,0.4444444444444444,0,1,Baseus Bowie MA10,Electronics,1,0.6470825115920831
aliexpress_600cce47a37c008a,baseus_bowie_ma10,Baseus,Bowie MA10,AliExpress,AliExpress global English-language reviews,1005005742938199,https://www.aliexpress.com/item/1005005742938199.html,"The material is very resistant, of great quality, you hear genia and it has something that they do not say, it can be connected to the laptop and the cell phone at the same time by such if I am listening to videos of the lap and a call comes in I can receive it and when I hang up, the cell phone returns to the audio of the lap.",,5.0,2024-10-27,MX,unknown,,en,published_web_scraped_corpus,https://raw.githubusercontent.com/george07-t/AliExpress-Product-Review-Reply-Management-System/main/1.%20Dataset%20Collection/Product%20Review%20Of%20AliExpress.csv,Deterministic random sample of 100 from 117 English five-star reviews for the exact item.,Reviewer name was not retained.,329,70,0,0,0,0.01568627450980392,2,0,0.02857142857142857,0,1,Baseus Bowie MA10,Electronics,1,0.39372661565949085
aliexpress_61f4e967615599a2,baseus_bowie_ma10,Baseus,Bowie MA10,AliExpress,AliExpress global English-language reviews,1005005742938199,https://www.aliexpress.com/item/1005005742938199.html,Great earphone .,,5.0,2024-09-26,IL,unknown,,en,published_web_scraped_corpus,https://raw.githubusercontent.com/george07-t/AliExpress-Product-Review-Reply-Management-System/main/1.%20Dataset%20Collection/Product%20Review%20Of%20AliExpress.csv,Deterministic random sample of 100 from 117 English five-star reviews for the exact item.,Reviewer name was not retained.,16,2,0,0,0,0.07692307692307693,1,0,0.5,0,1,Baseus Bowie MA10,Electronics,0,-1.8685233094536797
aliexpress_633ded70467975f5,baseus_bowie_ma10,Baseus,Bowie MA10,AliExpress,AliExpress global English-language reviews,1005005742938199,https://www.aliexpress.com/item/1005005742938199.html,Excellent headphones.,,5.0,2024-10-24,KZ,unknown,,en,published_web_scraped_corpus,https://raw.githubusercontent.com/george07-t/AliExpress-Product-Review-Reply-Management-System/main/1.%20Dataset%20Collection/Product%20Review%20Of%20AliExpress.csv,Deterministic random sample of 100 from 117 English five-star reviews for the exact item.,Reviewer name was not retained.,21,2,0,0,0,0.05263157894736842,1,0,0.5,0,1,Baseus Bowie MA10,Electronics,0,-0.05493726417470024
aliexpress_6491cf9ba5fd577c,baseus_bowie_ma10,Baseus,Bowie MA10,AliExpress,AliExpress global English-language reviews,1005005742938199,https://www.aliexpress.com/item/1005005742938199.html,"For his tsyna, the words of the sound (taking for $26), the sound of the sound, the enemies of the tsyna-it is important to say, the sound of good, not much more. For divchats such rosmir keysu is unlikely to pidyde) yak and for small lushki. Really big accumulators. Dodatkovy 2 types of pidlaby/rubber bands/elnyuvachi (in the nstruktsiy for vukh) Shob pidlashtvati PID vuho. The charge of the case, pidtrim dodatok. Z minusiv, you can name the pidtrymka of two codiv: AAC, SBC",,5.0,2024-11-06,UA,unknown,,en,published_web_scraped_corpus,https://raw.githubusercontent.com/george07-t/AliExpress-Product-Review-Reply-Management-System/main/1.%20Dataset%20Collection/Product%20Review%20Of%20AliExpress.csv,Deterministic random sample of 100 from 117 English five-star reviews for the exact item.,Reviewer name was not retained.,479,86,0,0,3,0.0431266846361186,1,0,0.011627906976744186,0,1,Baseus Bowie MA10,Electronics,0,-1.0833978040426602
aliexpress_64c4a81673e3d560,baseus_bowie_ma10,Baseus,Bowie MA10,AliExpress,AliExpress global English-language reviews,1005005742938199,https://www.aliexpress.com/item/1005005742938199.html,"Battery hard enough, great sound, recommend",,5.0,2024-10-03,US,unknown,,en,published_web_scraped_corpus,https://raw.githubusercontent.com/george07-t/AliExpress-Product-Review-Reply-Management-System/main/1.%20Dataset%20Collection/Product%20Review%20Of%20AliExpress.csv,Deterministic random sample of 100 from 117 English five-star reviews for the exact item.,Reviewer name was not retained.,43,6,0,0,0,0.027777777777777776,2,0,0.3333333333333333,0,1,Baseus Bowie MA10,Electronics,0,-0.6566397624542832
aliexpress_67e1254d9c354f0f,baseus_bowie_ma10,Baseus,Bowie MA10,AliExpress,AliExpress global English-language reviews,1005005742938199,https://www.aliexpress.com/item/1005005742938199.html,Arrived within the time estimated by the seller the quality is very good and they adapt very well in the ears the external noise cancels it in a very high percentage brings an app to configure The only thing is the volume that is recently made although the sound quality is very good,,5.0,2024-10-27,CH,unknown,,en,published_web_scraped_corpus,https://raw.githubusercontent.com/george07-t/AliExpress-Product-Review-Reply-Management-System/main/1.%20Dataset%20Collection/Product%20Review%20Of%20AliExpress.csv,Deterministic random sample of 100 from 117 English five-star reviews for the exact item.,Reviewer name was not retained.,283,53,0,0,0,0.008658008658008658,4,0,0.07547169811320754,0,1,Baseus Bowie MA10,Electronics,1,0.5629637632527985
aliexpress_69a7b95f145b2c6c,baseus_bowie_ma10,Baseus,Bowie MA10,AliExpress,AliExpress global English-language reviews,1005005742938199,https://www.aliexpress.com/item/1005005742938199.html,"a bit big so high censitivity to wind, no option for 'next/previus treck'. god sound.",,5.0,2024-11-02,IL,unknown,,en,published_web_scraped_corpus,https://raw.githubusercontent.com/george07-t/AliExpress-Product-Review-Reply-Management-System/main/1.%20Dataset%20Collection/Product%20Review%20Of%20AliExpress.csv,Deterministic random sample of 100 from 117 English five-star reviews for the exact item.,Reviewer name was not retained.,85,16,0,0,0,0.0,0,0,0.0,0,1,Baseus Bowie MA10,Electronics,0,-1.1224668552048294
aliexpress_6a1b6461a8f09f6f,baseus_bowie_ma10,Baseus,Bowie MA10,AliExpress,AliExpress global English-language reviews,1005005742938199,https://www.aliexpress.com/item/1005005742938199.html,"I received my baseus phone, everything arrived right, well packed, the phone is very good",,5.0,2024-10-13,BR,unknown,,en,published_web_scraped_corpus,https://raw.githubusercontent.com/george07-t/AliExpress-Product-Review-Reply-Management-System/main/1.%20Dataset%20Collection/Product%20Review%20Of%20AliExpress.csv,Deterministic random sample of 100 from 117 English five-star reviews for the exact item.,Reviewer name was not retained.,89,15,0,0,0,0.013888888888888888,1,0,0.06666666666666667,0,1,Baseus Bowie MA10,Electronics,0,-0.05814201832469412
aliexpress_6e58d7fed03db9be,baseus_bowie_ma10,Baseus,Bowie MA10,AliExpress,AliExpress global English-language reviews,1005005742938199,https://www.aliexpress.com/item/1005005742938199.html,"Delivery 2 days early. The package is great, it's the same for a gift. The headphones themselves were charged to the 60%. It was not possible to connect immediately (there was a region of Russia), after the installation, mainland China was connected immediately. App to smartphones in Russian. It is convenient to use. Volume and sound quality are excellent. Perhaps these are the best headphones I 've ever had. I recommend for purchase.",,5.0,2024-09-07,RU,unknown,,en,published_web_scraped_corpus,https://raw.githubusercontent.com/george07-t/AliExpress-Product-Review-Reply-Management-System/main/1.%20Dataset%20Collection/Product%20Review%20Of%20AliExpress.csv,Deterministic random sample of 100 from 117 English five-star reviews for the exact item.,Reviewer name was not retained.,438,74,0,0,3,0.03757225433526012,5,0,0.06756756756756757,0,1,Baseus Bowie MA10,Electronics,0,-1.5202208222250042
aliexpress_70bbf1a8a46952ee,baseus_bowie_ma10,Baseus,Bowie MA10,AliExpress,AliExpress global English-language reviews,1005005742938199,https://www.aliexpress.com/item/1005005742938199.html,Thank you AliExpress,,5.0,2024-10-25,MX,unknown,,en,published_web_scraped_corpus,https://raw.githubusercontent.com/george07-t/AliExpress-Product-Review-Reply-Management-System/main/1.%20Dataset%20Collection/Product%20Review%20Of%20AliExpress.csv,Deterministic random sample of 100 from 117 English five-star reviews for the exact item.,Reviewer name was not retained.,20,3,0,0,0,0.16666666666666666,0,0,0.0,0,1,Baseus Bowie MA10,Electronics,0,-0.6257828131185232
aliexpress_71cce9da7aaa9f60,baseus_bowie_ma10,Baseus,Bowie MA10,AliExpress,AliExpress global English-language reviews,1005005742938199,https://www.aliexpress.com/item/1005005742938199.html,Exelent product! Greatly reduces the external noises and the bass are very good! It's already the second I buy,,5.0,2025-02-02,US,unknown,,en,published_web_scraped_corpus,https://raw.githubusercontent.com/george07-t/AliExpress-Product-Review-Reply-Management-System/main/1.%20Dataset%20Collection/Product%20Review%20Of%20AliExpress.csv,Deterministic random sample of 100 from 117 English five-star reviews for the exact item.,Reviewer name was not retained.,110,20,2,0,0,0.0449438202247191,1,0,0.05,0,1,Baseus Bowie MA10,Electronics,0,-0.3384175055088159
aliexpress_760414d1368cdd47,baseus_bowie_ma10,Baseus,Bowie MA10,AliExpress,AliExpress global English-language reviews,1005005742938199,https://www.aliexpress.com/item/1005005742938199.html,"The handset is wonderful, very good audio, impeccable Noise cancellation for such a small handset. The songs get extremely clear and the stereo looks like you are in a particular show with the singer on your side, in addition the noise cancellation leaves the handset very versatile, being useful even to study, I tested it on a call and according to someone else did very well too. The box is heavy but nothing that bothers, there were also 3 rubber repositions to choose which one best suits your ear. The phone is not cheap, but for the quality, it is a worthwhile investment, since those who love music very much, even those who need a quiet environment at some point and cannot distance themselves from other people.",,5.0,2024-09-16,BR,unknown,,en,published_web_scraped_corpus,https://raw.githubusercontent.com/george07-t/AliExpress-Product-Review-Reply-Management-System/main/1.%20Dataset%20Collection/Product%20Review%20Of%20AliExpress.csv,Deterministic random sample of 100 from 117 English five-star reviews for the exact item.,Reviewer name was not retained.,721,127,0,0,1,0.010344827586206896,6,1,0.03937007874015748,0,1,Baseus Bowie MA10,Electronics,0,-1.6079207412987535
aliexpress_767976832bf8b396,baseus_bowie_ma10,Baseus,Bowie MA10,AliExpress,AliExpress global English-language reviews,1005005742938199,https://www.aliexpress.com/item/1005005742938199.html,"Very good. The battery really holds for a long time. I can use them for 3-4 hours a day for a week, the indication is still 4 divisions. I will need to charge every couple of months. The sound is super. Noise reduction fire, recommend.",,5.0,2024-10-22,UA,unknown,,en,published_web_scraped_corpus,https://raw.githubusercontent.com/george07-t/AliExpress-Product-Review-Reply-Management-System/main/1.%20Dataset%20Collection/Product%20Review%20Of%20AliExpress.csv,Deterministic random sample of 100 from 117 English five-star reviews for the exact item.,Reviewer name was not retained.,235,46,0,0,3,0.0335195530726257,2,0,0.043478260869565216,0,1,Baseus Bowie MA10,Electronics,0,-0.8741424379540648
aliexpress_7774551e28e6b804,baseus_bowie_ma10,Baseus,Bowie MA10,AliExpress,AliExpress global English-language reviews,1005005742938199,https://www.aliexpress.com/item/1005005742938199.html,"Great quality product, everything OK.",,5.0,2024-09-06,BR,unknown,,en,published_web_scraped_corpus,https://raw.githubusercontent.com/george07-t/AliExpress-Product-Review-Reply-Management-System/main/1.%20Dataset%20Collection/Product%20Review%20Of%20AliExpress.csv,Deterministic random sample of 100 from 117 English five-star reviews for the exact item.,Reviewer name was not retained.,37,5,0,0,0,0.0967741935483871,2,0,0.4,0,1,Baseus Bowie MA10,Electronics,0,-0.27922228606983057
aliexpress_7877881a17ca987f,baseus_bowie_ma10,Baseus,Bowie MA10,AliExpress,AliExpress global English-language reviews,1005005742938199,https://www.aliexpress.com/item/1005005742938199.html,"I liked the product very much, at first it seems to make a quality delivery. Arrived fast and well packed. The noise cancellation is excellent, I still want to test more the serious that seems not to be of such quality. But for those who want a product delivery with clean audio, and battery this is a great product.",,5.0,2024-10-25,BR,unknown,,en,published_web_scraped_corpus,https://raw.githubusercontent.com/george07-t/AliExpress-Product-Review-Reply-Management-System/main/1.%20Dataset%20Collection/Product%20Review%20Of%20AliExpress.csv,Deterministic random sample of 100 from 117 English five-star reviews for the exact item.,Reviewer name was not retained.,316,59,0,0,0,0.0199203187250996,5,0,0.0847457627118644,0,1,Baseus Bowie MA10,Electronics,0,-0.8685804264292614
aliexpress_799db23ac3e97025,baseus_bowie_ma10,Baseus,Bowie MA10,AliExpress,AliExpress global English-language reviews,1005005742938199,https://www.aliexpress.com/item/1005005742938199.html,"Surprisingly good, since they arrived I charged them a little the first time and that more than 2 weeks ago and they continue with battery despite using them as 1 hour every day. Noise cancellation is very good. Better than expensive ones out there.",,5.0,2024-10-17,CL,unknown,,en,published_web_scraped_corpus,https://raw.githubusercontent.com/george07-t/AliExpress-Product-Review-Reply-Management-System/main/1.%20Dataset%20Collection/Product%20Review%20Of%20AliExpress.csv,Deterministic random sample of 100 from 117 English five-star reviews for the exact item.,Reviewer name was not retained.,249,44,0,0,2,0.02,2,0,0.045454545454545456,0,1,Baseus Bowie MA10,Electronics,0,-1.7602438788054027
aliexpress_79f06810aad02e68,baseus_bowie_ma10,Baseus,Bowie MA10,AliExpress,AliExpress global English-language reviews,1005005742938199,https://www.aliexpress.com/item/1005005742938199.html,Arrived quickly!!!,,5.0,2024-10-17,BR,unknown,,en,published_web_scraped_corpus,https://raw.githubusercontent.com/george07-t/AliExpress-Product-Review-Reply-Management-System/main/1.%20Dataset%20Collection/Product%20Review%20Of%20AliExpress.csv,Deterministic random sample of 100 from 117 English five-star reviews for the exact item.,Reviewer name was not retained.,18,2,3,0,0,0.07142857142857142,0,0,0.0,0,1,Baseus Bowie MA10,Electronics,0,-0.14173934393327547
aliexpress_7b54b3e4a1bc39bd,baseus_bowie_ma10,Baseus,Bowie MA10,AliExpress,AliExpress global English-language reviews,1005005742938199,https://www.aliexpress.com/item/1005005742938199.html,"This handset is sensational, I just do not know how to put the rubbers to train, apart from that it came with one side unloaded, but it was just load.",,5.0,2024-10-29,BR,unknown,,en,published_web_scraped_corpus,https://raw.githubusercontent.com/george07-t/AliExpress-Product-Review-Reply-Management-System/main/1.%20Dataset%20Collection/Product%20Review%20Of%20AliExpress.csv,Deterministic random sample of 100 from 117 English five-star reviews for the exact item.,Reviewer name was not retained.,150,30,0,0,0,0.017094017094017096,0,0,0.0,0,1,Baseus Bowie MA10,Electronics,0,-1.4428753755839971
aliexpress_7dea305bc23c1450,baseus_bowie_ma10,Baseus,Bowie MA10,AliExpress,AliExpress global English-language reviews,1005005742938199,https://www.aliexpress.com/item/1005005742938199.html,They have NO 30ms low-latency . It is a big lie !!!,,5.0,2024-12-27,US,unknown,,en,published_web_scraped_corpus,https://raw.githubusercontent.com/george07-t/AliExpress-Product-Review-Reply-Management-System/main/1.%20Dataset%20Collection/Product%20Review%20Of%20AliExpress.csv,Deterministic random sample of 100 from 117 English five-star reviews for the exact item.,Reviewer name was not retained.,51,11,3,0,2,0.12121212121212122,0,0,0.0,0,1,Baseus Bowie MA10,Electronics,0,-0.6541664530989659
aliexpress_7ef5d437e13ac1bf,baseus_bowie_ma10,Baseus,Bowie MA10,AliExpress,AliExpress global English-language reviews,1005005742938199,https://www.aliexpress.com/item/1005005742938199.html,"Very cool headphones. Very good sound, easy touch controls resistant to accidental touches.",,5.0,2024-09-15,PL,unknown,,en,published_web_scraped_corpus,https://raw.githubusercontent.com/george07-t/AliExpress-Product-Review-Reply-Management-System/main/1.%20Dataset%20Collection/Product%20Review%20Of%20AliExpress.csv,Deterministic random sample of 100 from 117 English five-star reviews for the exact item.,Reviewer name was not retained.,91,13,0,0,0,0.02631578947368421,2,0,0.15384615384615385,0,1,Baseus Bowie MA10,Electronics,0,-0.5951033383745679
aliexpress_812bff25195f25dc,baseus_bowie_ma10,Baseus,Bowie MA10,AliExpress,AliExpress global English-language reviews,1005005742938199,https://www.aliexpress.com/item/1005005742938199.html,"Excellent phone, very loud and very good quality sound. Battery lasts a lot.",,5.0,2024-09-30,BR,unknown,,en,published_web_scraped_corpus,https://raw.githubusercontent.com/george07-t/AliExpress-Product-Review-Reply-Management-System/main/1.%20Dataset%20Collection/Product%20Review%20Of%20AliExpress.csv,Deterministic random sample of 100 from 117 English five-star reviews for the exact item.,Reviewer name was not retained.,76,13,0,0,0,0.03278688524590164,3,0,0.23076923076923078,0,1,Baseus Bowie MA10,Electronics,1,0.09577182334287093
aliexpress_837bceeb664f66d3,baseus_bowie_ma10,Baseus,Bowie MA10,AliExpress,AliExpress global English-language reviews,1005005742938199,https://www.aliexpress.com/item/1005005742938199.html,"Great product loved it, it really is waterproof I shower with it or going Music!!!",,5.0,2024-10-16,BR,unknown,,en,published_web_scraped_corpus,https://raw.githubusercontent.com/george07-t/AliExpress-Product-Review-Reply-Management-System/main/1.%20Dataset%20Collection/Product%20Review%20Of%20AliExpress.csv,Deterministic random sample of 100 from 117 English five-star reviews for the exact item.,Reviewer name was not retained.,82,15,3,0,0,0.046875,1,0,0.06666666666666667,0,1,Baseus Bowie MA10,Electronics,0,-0.3391622492980121
aliexpress_84f8392a49f5c5e7,baseus_bowie_ma10,Baseus,Bowie MA10,AliExpress,AliExpress global English-language reviews,1005005742938199,https://www.aliexpress.com/item/1005005742938199.html,Very good headphones. I recommend without a doubt.,,5.0,2024-10-13,ES,unknown,,en,published_web_scraped_corpus,https://raw.githubusercontent.com/george07-t/AliExpress-Product-Review-Reply-Management-System/main/1.%20Dataset%20Collection/Product%20Review%20Of%20AliExpress.csv,Deterministic random sample of 100 from 117 English five-star reviews for the exact item.,Reviewer name was not retained.,50,8,0,0,0,0.04878048780487805,2,0,0.25,0,1,Baseus Bowie MA10,Electronics,0,-0.963365653388834
aliexpress_864cff62220a4e3a,baseus_bowie_ma10,Baseus,Bowie MA10,AliExpress,AliExpress global English-language reviews,1005005742938199,https://www.aliexpress.com/item/1005005742938199.html,Very good product. Fast Delivery,,5.0,2024-09-14,BR,unknown,,en,published_web_scraped_corpus,https://raw.githubusercontent.com/george07-t/AliExpress-Product-Review-Reply-Management-System/main/1.%20Dataset%20Collection/Product%20Review%20Of%20AliExpress.csv,Deterministic random sample of 100 from 117 English five-star reviews for the exact item.,Reviewer name was not retained.,32,5,0,0,0,0.1111111111111111,2,0,0.4,0,1,Baseus Bowie MA10,Electronics,0,-0.4824496129053304
aliexpress_888df0abd336636d,baseus_bowie_ma10,Baseus,Bowie MA10,AliExpress,AliExpress global English-language reviews,1005005742938199,https://www.aliexpress.com/item/1005005742938199.html,Very good great audio quality and a perfect noise cancellation,,5.0,2024-10-17,BR,unknown,,en,published_web_scraped_corpus,https://raw.githubusercontent.com/george07-t/AliExpress-Product-Review-Reply-Management-System/main/1.%20Dataset%20Collection/Product%20Review%20Of%20AliExpress.csv,Deterministic random sample of 100 from 117 English five-star reviews for the exact item.,Reviewer name was not retained.,62,10,0,0,0,0.018867924528301886,4,0,0.4,0,1,Baseus Bowie MA10,Electronics,0,-0.5291583056548741
aliexpress_89dc1810bdb1dbf6,baseus_bowie_ma10,Baseus,Bowie MA10,AliExpress,AliExpress global English-language reviews,1005005742938199,https://www.aliexpress.com/item/1005005742938199.html,"Exelent phone, diminishes the sound of the environment and fits very well from the ear having many hours of battery! I saw some comments saying that it spoils after some time, but attention, do not throw the phone just because it has Imam, so many headphones are spooning. The correct thing is to put it carefully in the case.",,5.0,2024-09-16,BR,unknown,,en,published_web_scraped_corpus,https://raw.githubusercontent.com/george07-t/AliExpress-Product-Review-Reply-Management-System/main/1.%20Dataset%20Collection/Product%20Review%20Of%20AliExpress.csv,Deterministic random sample of 100 from 117 English five-star reviews for the exact item.,Reviewer name was not retained.,326,59,1,0,0,0.01532567049808429,0,0,0.0,0,1,Baseus Bowie MA10,Electronics,0,-0.46329229176591435
aliexpress_8aa87de5d5c1bb49,baseus_bowie_ma10,Baseus,Bowie MA10,AliExpress,AliExpress global English-language reviews,1005005742938199,https://www.aliexpress.com/item/1005005742938199.html,"Amazing product, great sound, super good quality, very loud, delivery was very fast too",,5.0,2024-09-27,BR,unknown,,en,published_web_scraped_corpus,https://raw.githubusercontent.com/george07-t/AliExpress-Product-Review-Reply-Management-System/main/1.%20Dataset%20Collection/Product%20Review%20Of%20AliExpress.csv,Deterministic random sample of 100 from 117 English five-star reviews for the exact item.,Reviewer name was not retained.,87,14,0,0,0,0.014285714285714285,5,0,0.35714285714285715,0,1,Baseus Bowie MA10,Electronics,0,-0.7296883125016409
aliexpress_8c736d5c31991d5a,baseus_bowie_ma10,Baseus,Bowie MA10,AliExpress,AliExpress global English-language reviews,1005005742938199,https://www.aliexpress.com/item/1005005742938199.html,"First purchase and I was already surprised by the sound quality. Could only be baseus. You can buy without fear, you will not regret it! The delay of delivery was not the fault of the seller, but the Post Office which takes a long time. It was still very worthwhile, and I will continue to buy in this same store.",,5.0,2024-10-15,BR,unknown,,en,published_web_scraped_corpus,https://raw.githubusercontent.com/george07-t/AliExpress-Product-Review-Reply-Management-System/main/1.%20Dataset%20Collection/Product%20Review%20Of%20AliExpress.csv,Deterministic random sample of 100 from 117 English five-star reviews for the exact item.,Reviewer name was not retained.,313,60,1,0,0,0.036585365853658534,1,0,0.016666666666666666,0,1,Baseus Bowie MA10,Electronics,0,-0.6642162061733958
aliexpress_8e471732d23dc172,baseus_bowie_ma10,Baseus,Bowie MA10,AliExpress,AliExpress global English-language reviews,1005005742938199,https://www.aliexpress.com/item/1005005742938199.html,"Sealed, impeccable quality, super approved!!!",,5.0,2024-09-29,BR,unknown,,en,published_web_scraped_corpus,https://raw.githubusercontent.com/george07-t/AliExpress-Product-Review-Reply-Management-System/main/1.%20Dataset%20Collection/Product%20Review%20Of%20AliExpress.csv,Deterministic random sample of 100 from 117 English five-star reviews for the exact item.,Reviewer name was not retained.,45,5,3,0,0,0.027777777777777776,1,0,0.2,0,1,Baseus Bowie MA10,Electronics,0,-0.4818395782268947
aliexpress_9118f934e19c3934,baseus_bowie_ma10,Baseus,Bowie MA10,AliExpress,AliExpress global English-language reviews,1005005742938199,https://www.aliexpress.com/item/1005005742938199.html,It's a good stuff for the price. The ANC works efficiently. I liked.,,5.0,2024-11-04,BR,unknown,,en,published_web_scraped_corpus,https://raw.githubusercontent.com/george07-t/AliExpress-Product-Review-Reply-Management-System/main/1.%20Dataset%20Collection/Product%20Review%20Of%20AliExpress.csv,Deterministic random sample of 100 from 117 English five-star reviews for the exact item.,Reviewer name was not retained.,68,14,0,0,0,0.11538461538461539,1,0,0.07142857142857142,0,1,Baseus Bowie MA10,Electronics,0,-0.5349612877382444
aliexpress_92e3104bdf09b166,baseus_bowie_ma10,Baseus,Bowie MA10,AliExpress,AliExpress global English-language reviews,1005005742938199,https://www.aliexpress.com/item/1005005742938199.html,Arrived quickly! Exceptional sound quality!,,5.0,2024-10-24,BR,unknown,,en,published_web_scraped_corpus,https://raw.githubusercontent.com/george07-t/AliExpress-Product-Review-Reply-Management-System/main/1.%20Dataset%20Collection/Product%20Review%20Of%20AliExpress.csv,Deterministic random sample of 100 from 117 English five-star reviews for the exact item.,Reviewer name was not retained.,43,5,2,0,0,0.05405405405405406,1,0,0.2,0,1,Baseus Bowie MA10,Electronics,1,0.1489771521022939
aliexpress_961ced4ac5101185,baseus_bowie_ma10,Baseus,Bowie MA10,AliExpress,AliExpress global English-language reviews,1005005742938199,https://www.aliexpress.com/item/1005005742938199.html,Very good sound beautiful acoustic Veina date the seller is great,,5.0,2024-10-05,BR,unknown,,en,published_web_scraped_corpus,https://raw.githubusercontent.com/george07-t/AliExpress-Product-Review-Reply-Management-System/main/1.%20Dataset%20Collection/Product%20Review%20Of%20AliExpress.csv,Deterministic random sample of 100 from 117 English five-star reviews for the exact item.,Reviewer name was not retained.,65,11,0,0,0,0.03636363636363636,2,0,0.18181818181818182,0,1,Baseus Bowie MA10,Electronics,0,-1.1253942273253905
aliexpress_99da6a2d8424465d,baseus_bowie_ma10,Baseus,Bowie MA10,AliExpress,AliExpress global English-language reviews,1005005742938199,https://www.aliexpress.com/item/1005005742938199.html,"Had a tronsmart ace before and that one's pretty superior. I 've never had a noise-canceling handset and testing this function impressed me. Work with the fan on the 3 on top of me and when I activate the sound of the room is almost imperceptible. Besides the rubbers already installed on it, came 3 more pairs. Baseus quality is known. I'll be back in a few weeks to make the battery. Arrived very fast, less than 10 days.",,5.0,2024-10-04,BR,unknown,,en,published_web_scraped_corpus,https://raw.githubusercontent.com/george07-t/AliExpress-Product-Review-Reply-Management-System/main/1.%20Dataset%20Collection/Product%20Review%20Of%20AliExpress.csv,Deterministic random sample of 100 from 117 English five-star reviews for the exact item.,Reviewer name was not retained.,423,82,0,0,4,0.024390243902439025,2,0,0.024390243902439025,0,1,Baseus Bowie MA10,Electronics,0,-1.3223017893827524
aliexpress_9b9b1cc2f40a14e5,baseus_bowie_ma10,Baseus,Bowie MA10,AliExpress,AliExpress global English-language reviews,1005005742938199,https://www.aliexpress.com/item/1005005742938199.html,"Excellent sound headphones, good sound, good microphone, good battery, nice noise cooler",,5.0,2024-10-20,IL,unknown,,en,published_web_scraped_corpus,https://raw.githubusercontent.com/george07-t/AliExpress-Product-Review-Reply-Management-System/main/1.%20Dataset%20Collection/Product%20Review%20Of%20AliExpress.csv,Deterministic random sample of 100 from 117 English five-star reviews for the exact item.,Reviewer name was not retained.,88,12,0,0,0,0.0136986301369863,5,0,0.4166666666666667,0,1,Baseus Bowie MA10,Electronics,0,-0.532988663791772
aliexpress_9eb96286f0a0f95e,baseus_bowie_ma10,Baseus,Bowie MA10,AliExpress,AliExpress global English-language reviews,1005005742938199,https://www.aliexpress.com/item/1005005742938199.html,Good sound good bass excellent I like very much,,5.0,2024-09-25,UY,unknown,,en,published_web_scraped_corpus,https://raw.githubusercontent.com/george07-t/AliExpress-Product-Review-Reply-Management-System/main/1.%20Dataset%20Collection/Product%20Review%20Of%20AliExpress.csv,Deterministic random sample of 100 from 117 English five-star reviews for the exact item.,Reviewer name was not retained.,47,9,0,0,0,0.05128205128205128,3,0,0.3333333333333333,0,1,Baseus Bowie MA10,Electronics,0,-0.6398288219571775
aliexpress_9fca167b2b7fe734,baseus_bowie_ma10,Baseus,Bowie MA10,AliExpress,AliExpress global English-language reviews,1005005742938199,https://www.aliexpress.com/item/1005005742938199.html,"Very quality earphones, good ANC.",,5.0,2024-09-12,IL,unknown,,en,published_web_scraped_corpus,https://raw.githubusercontent.com/george07-t/AliExpress-Product-Review-Reply-Management-System/main/1.%20Dataset%20Collection/Product%20Review%20Of%20AliExpress.csv,Deterministic random sample of 100 from 117 English five-star reviews for the exact item.,Reviewer name was not retained.,33,5,0,0,0,0.14814814814814814,2,0,0.4,0,1,Baseus Bowie MA10,Electronics,1,0.4498575214516928
aliexpress_a72bd19f06230ede,baseus_bowie_ma10,Baseus,Bowie MA10,AliExpress,AliExpress global English-language reviews,1005005742938199,https://www.aliexpress.com/item/1005005742938199.html,"Great handset, comfortable to wear excellent quality.",,5.0,2024-09-06,BR,unknown,,en,published_web_scraped_corpus,https://raw.githubusercontent.com/george07-t/AliExpress-Product-Review-Reply-Management-System/main/1.%20Dataset%20Collection/Product%20Review%20Of%20AliExpress.csv,Deterministic random sample of 100 from 117 English five-star reviews for the exact item.,Reviewer name was not retained.,53,7,0,0,0,0.022222222222222223,4,0,0.5714285714285714,0,1,Baseus Bowie MA10,Electronics,0,-0.2752898540155454
aliexpress_a828bbd017e7f6da,baseus_bowie_ma10,Baseus,Bowie MA10,AliExpress,AliExpress global English-language reviews,1005005742938199,https://www.aliexpress.com/item/1005005742938199.html,It listens incredibly and has a good noise cancellation by the app,,5.0,2024-10-16,CL,unknown,,en,published_web_scraped_corpus,https://raw.githubusercontent.com/george07-t/AliExpress-Product-Review-Reply-Management-System/main/1.%20Dataset%20Collection/Product%20Review%20Of%20AliExpress.csv,Deterministic random sample of 100 from 117 English five-star reviews for the exact item.,Reviewer name was not retained.,66,12,0,0,0,0.01818181818181818,1,0,0.08333333333333333,0,1,Baseus Bowie MA10,Electronics,0,-0.35263356625744646
aliexpress_aa816377be722a50,baseus_bowie_ma10,Baseus,Bowie MA10,AliExpress,AliExpress global English-language reviews,1005005742938199,https://www.aliexpress.com/item/1005005742938199.html,Very quality headphones. Recommended,,5.0,2024-11-09,IL,unknown,,en,published_web_scraped_corpus,https://raw.githubusercontent.com/george07-t/AliExpress-Product-Review-Reply-Management-System/main/1.%20Dataset%20Collection/Product%20Review%20Of%20AliExpress.csv,Deterministic random sample of 100 from 117 English five-star reviews for the exact item.,Reviewer name was not retained.,36,4,0,0,0,0.0625,1,0,0.25,0,1,Baseus Bowie MA10,Electronics,0,-0.369224076586676
aliexpress_b103dddee5e01f0f,baseus_bowie_ma10,Baseus,Bowie MA10,AliExpress,AliExpress global English-language reviews,1005005742938199,https://www.aliexpress.com/item/1005005742938199.html,"Arrived and works well, quality product",,5.0,2024-10-31,BR,unknown,,en,published_web_scraped_corpus,https://raw.githubusercontent.com/george07-t/AliExpress-Product-Review-Reply-Management-System/main/1.%20Dataset%20Collection/Product%20Review%20Of%20AliExpress.csv,Deterministic random sample of 100 from 117 English five-star reviews for the exact item.,Reviewer name was not retained.,39,6,0,0,0,0.030303030303030304,1,0,0.16666666666666666,0,1,Baseus Bowie MA10,Electronics,0,-0.3768781663466876
aliexpress_b2b6ce8112f983c9,baseus_bowie_ma10,Baseus,Bowie MA10,AliExpress,AliExpress global English-language reviews,1005005742938199,https://www.aliexpress.com/item/1005005742938199.html,"Received, in good condition. Is the second I buy. I like these headphones",,5.0,2024-10-10,MZ,unknown,,en,published_web_scraped_corpus,https://raw.githubusercontent.com/george07-t/AliExpress-Product-Review-Reply-Management-System/main/1.%20Dataset%20Collection/Product%20Review%20Of%20AliExpress.csv,Deterministic random sample of 100 from 117 English five-star reviews for the exact item.,Reviewer name was not retained.,73,13,0,0,0,0.06896551724137931,1,0,0.07692307692307693,0,1,Baseus Bowie MA10,Electronics,0,-0.7001220093508655
aliexpress_b46a26d9f52150ff,baseus_bowie_ma10,Baseus,Bowie MA10,AliExpress,AliExpress global English-language reviews,1005005742938199,https://www.aliexpress.com/item/1005005742938199.html,"Great headphones, so far it only presented a problem that was having disconnected from the cell phone alone but soon recognized again, the noise cancellation is good for those who never tested a phone with a set surprised me, but do not cancel 100% more for 80-90% but for the price I think it is fair!",,5.0,2024-09-09,BR,unknown,,en,published_web_scraped_corpus,https://raw.githubusercontent.com/george07-t/AliExpress-Product-Review-Reply-Management-System/main/1.%20Dataset%20Collection/Product%20Review%20Of%20AliExpress.csv,Deterministic random sample of 100 from 117 English five-star reviews for the exact item.,Reviewer name was not retained.,302,57,1,0,7,0.008583690987124463,2,0,0.03508771929824561,0,1,Baseus Bowie MA10,Electronics,0,-0.8037009529881223
aliexpress_b61a1fa4782c46b7,baseus_bowie_ma10,Baseus,Bowie MA10,AliExpress,AliExpress global English-language reviews,1005005742938199,https://www.aliexpress.com/item/1005005742938199.html,"Delivered very quickly and at its best-it's a whole thing, it works, but... There were problems when registering in the baseus application. I was unable to register with Samsung Galaxy Tab S7 because the privacy acceptance check box is hidden under the yellow registration button. No matter how I tried, it didn't work out. The design of the application is not suitable for the tablet, so I asked my wife to register me from her phone, and she got it the first time but... When entering the login and password from the tablet, he does not let me in again, giving the message ""login/password error"", although the login and password have already been rechecked several times. I even changed my password-useless! Seller, how to be? While I am using the application in guest mode, where the functionality has been cut.",,5.0,2024-10-15,UA,unknown,,en,published_web_scraped_corpus,https://raw.githubusercontent.com/george07-t/AliExpress-Product-Review-Reply-Management-System/main/1.%20Dataset%20Collection/Product%20Review%20Of%20AliExpress.csv,Deterministic random sample of 100 from 117 English five-star reviews for the exact item.,Reviewer name was not retained.,814,145,1,1,1,0.024844720496894408,1,1,0.0,0,1,Baseus Bowie MA10,Electronics,0,-1.8608194353540055
aliexpress_b705bdc8e285a9af,baseus_bowie_ma10,Baseus,Bowie MA10,AliExpress,AliExpress global English-language reviews,1005005742938199,https://www.aliexpress.com/item/1005005742938199.html,"Very good even the handset, noise cancellation is very mass! And it looks like it's got a subwoofer in its ear. In the overall set very good, but I had a little problem that you owe when anomalies occur, as if it were him losing connection quickly with the cell phone giving a strange sound, but it is quick type when Windows lock and blue screen, but it comes back quickly, and it almost never happens, But one time another gives, like type happens very rarely and it's working perfectly so it's gone!!",,5.0,2024-09-08,BR,unknown,,en,published_web_scraped_corpus,https://raw.githubusercontent.com/george07-t/AliExpress-Product-Review-Reply-Management-System/main/1.%20Dataset%20Collection/Product%20Review%20Of%20AliExpress.csv,Deterministic random sample of 100 from 117 English five-star reviews for the exact item.,Reviewer name was not retained.,503,96,3,0,0,0.015151515151515152,2,0,0.020833333333333332,0,1,Baseus Bowie MA10,Electronics,0,-1.821838130376328
aliexpress_b9614cc61db9b4c9,baseus_bowie_ma10,Baseus,Bowie MA10,AliExpress,AliExpress global English-language reviews,1005005742938199,https://www.aliexpress.com/item/1005005742938199.html,"What audio quality, the baseus app is very cool, you have many pre-defined EQ options and you can also manually equalize.",,5.0,2024-10-24,BR,unknown,,en,published_web_scraped_corpus,https://raw.githubusercontent.com/george07-t/AliExpress-Product-Review-Reply-Management-System/main/1.%20Dataset%20Collection/Product%20Review%20Of%20AliExpress.csv,Deterministic random sample of 100 from 117 English five-star reviews for the exact item.,Reviewer name was not retained.,121,22,0,0,0,0.030927835051546393,1,0,0.045454545454545456,0,1,Baseus Bowie MA10,Electronics,0,-0.7508454767671959
aliexpress_bcd89720fcbf06fe,baseus_bowie_ma10,Baseus,Bowie MA10,AliExpress,AliExpress global English-language reviews,1005005742938199,https://www.aliexpress.com/item/1005005742938199.html,Excellent Bluetooth headset. Long battery life. Well-full-body bass. Great cost benefit. They can buy without a doubt.,,5.0,2024-11-04,BR,unknown,,en,published_web_scraped_corpus,https://raw.githubusercontent.com/george07-t/AliExpress-Product-Review-Reply-Management-System/main/1.%20Dataset%20Collection/Product%20Review%20Of%20AliExpress.csv,Deterministic random sample of 100 from 117 English five-star reviews for the exact item.,Reviewer name was not retained.,118,19,0,0,0,0.06315789473684211,2,0,0.10526315789473684,0,1,Baseus Bowie MA10,Electronics,0,-1.8833273274260818
aliexpress_bdbb330e7c1a72f5,baseus_bowie_ma10,Baseus,Bowie MA10,AliExpress,AliExpress global English-language reviews,1005005742938199,https://www.aliexpress.com/item/1005005742938199.html,Order arrived on time great quality,,5.0,2024-10-11,BR,unknown,,en,published_web_scraped_corpus,https://raw.githubusercontent.com/george07-t/AliExpress-Product-Review-Reply-Management-System/main/1.%20Dataset%20Collection/Product%20Review%20Of%20AliExpress.csv,Deterministic random sample of 100 from 117 English five-star reviews for the exact item.,Reviewer name was not retained.,35,6,0,0,0,0.03333333333333333,2,0,0.3333333333333333,0,1,Baseus Bowie MA10,Electronics,1,0.3369197567696008
aliexpress_c042906c80bc8ffe,baseus_bowie_ma10,Baseus,Bowie MA10,AliExpress,AliExpress global English-language reviews,1005005742938199,https://www.aliexpress.com/item/1005005742938199.html,The quality of the phone is very good the battery I do not even need to comment 140 hours I do not like to be charging all the time this for me was the best quality that had the handset and using baseu app I can modify the handset to my liking,,5.0,2024-09-17,BR,unknown,,en,published_web_scraped_corpus,https://raw.githubusercontent.com/george07-t/AliExpress-Product-Review-Reply-Management-System/main/1.%20Dataset%20Collection/Product%20Review%20Of%20AliExpress.csv,Deterministic random sample of 100 from 117 English five-star reviews for the exact item.,Reviewer name was not retained.,243,52,0,0,3,0.021164021164021163,4,0,0.07692307692307693,0,1,Baseus Bowie MA10,Electronics,1,0.5366587055468512
aliexpress_c1992f5209a5f2cd,baseus_bowie_ma10,Baseus,Bowie MA10,AliExpress,AliExpress global English-language reviews,1005005742938199,https://www.aliexpress.com/item/1005005742938199.html,Very fast delivery! Exceptional product quality,,5.0,2024-10-27,BR,unknown,,en,published_web_scraped_corpus,https://raw.githubusercontent.com/george07-t/AliExpress-Product-Review-Reply-Management-System/main/1.%20Dataset%20Collection/Product%20Review%20Of%20AliExpress.csv,Deterministic random sample of 100 from 117 English five-star reviews for the exact item.,Reviewer name was not retained.,47,6,1,0,0,0.04878048780487805,2,0,0.3333333333333333,0,1,Baseus Bowie MA10,Electronics,0,-0.1368142814263923
aliexpress_c5565cca7b37f4b7,baseus_bowie_ma10,Baseus,Bowie MA10,AliExpress,AliExpress global English-language reviews,1005005742938199,https://www.aliexpress.com/item/1005005742938199.html,"Perfect headphones, an excellent record, very good for calls, everything I needed. Arrived ahead of schedule, look, it came from afar! The cool thing is that the tracking steps follow-up was perfect.",,5.0,2024-09-26,BR,unknown,,en,published_web_scraped_corpus,https://raw.githubusercontent.com/george07-t/AliExpress-Product-Review-Reply-Management-System/main/1.%20Dataset%20Collection/Product%20Review%20Of%20AliExpress.csv,Deterministic random sample of 100 from 117 English five-star reviews for the exact item.,Reviewer name was not retained.,199,33,1,0,0,0.025157232704402517,4,0,0.12121212121212122,0,1,Baseus Bowie MA10,Electronics,0,-1.888124551564288
aliexpress_c693b4a38829acd6,baseus_bowie_ma10,Baseus,Bowie MA10,AliExpress,AliExpress global English-language reviews,1005005742938199,https://www.aliexpress.com/item/1005005742938199.html,"Excellent headset, I recommend, the sound is very good and the battery lasts a lot, I recommend it to everyone.",,5.0,2025-01-07,US,unknown,,en,published_web_scraped_corpus,https://raw.githubusercontent.com/george07-t/AliExpress-Product-Review-Reply-Management-System/main/1.%20Dataset%20Collection/Product%20Review%20Of%20AliExpress.csv,Deterministic random sample of 100 from 117 English five-star reviews for the exact item.,Reviewer name was not retained.,111,20,0,0,0,0.03409090909090909,4,0,0.2,0,1,Baseus Bowie MA10,Electronics,1,0.14496169688070726
aliexpress_c94421e344e4f9b6,baseus_bowie_ma10,Baseus,Bowie MA10,AliExpress,AliExpress global English-language reviews,1005005742938199,https://www.aliexpress.com/item/1005005742938199.html,"It was delayed to arrive, but apart from that not a type of claim. Very good sound, easy to link, clear instructions",,5.0,2024-09-18,CL,unknown,,en,published_web_scraped_corpus,https://raw.githubusercontent.com/george07-t/AliExpress-Product-Review-Reply-Management-System/main/1.%20Dataset%20Collection/Product%20Review%20Of%20AliExpress.csv,Deterministic random sample of 100 from 117 English five-star reviews for the exact item.,Reviewer name was not retained.,116,22,0,0,0,0.02197802197802198,2,0,0.09090909090909091,0,1,Baseus Bowie MA10,Electronics,0,-0.07914285268994403
aliexpress_cbb8cd62ad068551,baseus_bowie_ma10,Baseus,Bowie MA10,AliExpress,AliExpress global English-language reviews,1005005742938199,https://www.aliexpress.com/item/1005005742938199.html,"Best Buds!!! I used to have some ear buds that discharged every couple of days. Imagine waking up to go for a run only to realise your buds were out of battery . I got these Baseus buds and it's been amazing!! I got them 2 weeks ago, charged them on day 1 before use and it's at 93% today . After 2weeks!! Sound is also incredibly good!! Professionally tuned! Only compromise is case is realively bigger and heavier but it's totally worth it. I would have wished there was a silicon case/bag to cover the case.",,5.0,2024-10-31,GH,unknown,,en,published_web_scraped_corpus,https://raw.githubusercontent.com/george07-t/AliExpress-Product-Review-Reply-Management-System/main/1.%20Dataset%20Collection/Product%20Review%20Of%20AliExpress.csv,Deterministic random sample of 100 from 117 English five-star reviews for the exact item.,Reviewer name was not retained.,510,99,10,0,5,0.030927835051546393,3,0,0.030303030303030304,0,1,Baseus Bowie MA10,Electronics,0,-1.9663664954227968
aliexpress_d0516f485af001a8,baseus_bowie_ma10,Baseus,Bowie MA10,AliExpress,AliExpress global English-language reviews,1005005742938199,https://www.aliexpress.com/item/1005005742938199.html,Very too Peace me this super sound super deep boss! Highly recommended!,,5.0,2024-09-19,BE,unknown,,en,published_web_scraped_corpus,https://raw.githubusercontent.com/george07-t/AliExpress-Product-Review-Reply-Management-System/main/1.%20Dataset%20Collection/Product%20Review%20Of%20AliExpress.csv,Deterministic random sample of 100 from 117 English five-star reviews for the exact item.,Reviewer name was not retained.,71,12,2,0,0,0.05172413793103448,0,0,0.0,0,1,Baseus Bowie MA10,Electronics,0,-1.2735326104631586
aliexpress_d0bbfd4ceba9ea14,baseus_bowie_ma10,Baseus,Bowie MA10,AliExpress,AliExpress global English-language reviews,1005005742938199,https://www.aliexpress.com/item/1005005742938199.html,I'm so amazed and can't believe how good is it. Very nice noise cancelation and such powerfull and deep drums. I'll definitely recommend it. Great earphones from Baseus.,,5.0,2024-09-28,BR,unknown,,en,published_web_scraped_corpus,https://raw.githubusercontent.com/george07-t/AliExpress-Product-Review-Reply-Management-System/main/1.%20Dataset%20Collection/Product%20Review%20Of%20AliExpress.csv,Deterministic random sample of 100 from 117 English five-star reviews for the exact item.,Reviewer name was not retained.,169,31,0,0,0,0.037037037037037035,4,0,0.12903225806451613,0,1,Baseus Bowie MA10,Electronics,0,-0.14544643188998918
aliexpress_d107876442c2a16c,baseus_bowie_ma10,Baseus,Bowie MA10,AliExpress,AliExpress global English-language reviews,1005005742938199,https://www.aliexpress.com/item/1005005742938199.html,Good sound,,5.0,2024-11-06,ES,unknown,,en,published_web_scraped_corpus,https://raw.githubusercontent.com/george07-t/AliExpress-Product-Review-Reply-Management-System/main/1.%20Dataset%20Collection/Product%20Review%20Of%20AliExpress.csv,Deterministic random sample of 100 from 117 English five-star reviews for the exact item.,Reviewer name was not retained.,10,2,0,0,0,0.1111111111111111,1,0,0.5,0,1,Baseus Bowie MA10,Electronics,1,0.06573830054241536
aliexpress_d144a7d6ca3428d4,baseus_bowie_ma10,Baseus,Bowie MA10,AliExpress,AliExpress global English-language reviews,1005005742938199,https://www.aliexpress.com/item/1005005742938199.html,Very good and bass sound. I am satisfied,,5.0,2024-10-13,PL,unknown,,en,published_web_scraped_corpus,https://raw.githubusercontent.com/george07-t/AliExpress-Product-Review-Reply-Management-System/main/1.%20Dataset%20Collection/Product%20Review%20Of%20AliExpress.csv,Deterministic random sample of 100 from 117 English five-star reviews for the exact item.,Reviewer name was not retained.,40,8,0,0,0,0.0625,2,0,0.25,0,1,Baseus Bowie MA10,Electronics,0,-0.7823136219768767
aliexpress_d214668acd18ce11,baseus_bowie_ma10,Baseus,Bowie MA10,AliExpress,AliExpress global English-language reviews,1005005742938199,https://www.aliexpress.com/item/1005005742938199.html,"Phone with great sound quality, the noise insulation works well and the battery lasts a lot. I had no problem of failures or signal losses.",,5.0,2024-10-31,BR,unknown,,en,published_web_scraped_corpus,https://raw.githubusercontent.com/george07-t/AliExpress-Product-Review-Reply-Management-System/main/1.%20Dataset%20Collection/Product%20Review%20Of%20AliExpress.csv,Deterministic random sample of 100 from 117 English five-star reviews for the exact item.,Reviewer name was not retained.,139,25,0,0,0,0.017857142857142856,2,0,0.08,0,1,Baseus Bowie MA10,Electronics,1,0.14270610851355758
aliexpress_d2a7ee44b6c3cac9,baseus_bowie_ma10,Baseus,Bowie MA10,AliExpress,AliExpress global English-language reviews,1005005742938199,https://www.aliexpress.com/item/1005005742938199.html,"Arrived before the estimated and works perfectly, I highly recommend!!!",,5.0,2024-09-26,BR,unknown,,en,published_web_scraped_corpus,https://raw.githubusercontent.com/george07-t/AliExpress-Product-Review-Reply-Management-System/main/1.%20Dataset%20Collection/Product%20Review%20Of%20AliExpress.csv,Deterministic random sample of 100 from 117 English five-star reviews for the exact item.,Reviewer name was not retained.,71,10,3,0,0,0.034482758620689655,1,0,0.1,0,1,Baseus Bowie MA10,Electronics,0,-1.2618177283386072
aliexpress_d773b139057cdc07,baseus_bowie_ma10,Baseus,Bowie MA10,AliExpress,AliExpress global English-language reviews,1005005742938199,https://www.aliexpress.com/item/1005005742938199.html,Good morning! Passing to leave my comment I am very pleased for the purchased product came as is specified in the announcement and arrived before the promised deadline.,,5.0,2024-09-30,BR,unknown,,en,published_web_scraped_corpus,https://raw.githubusercontent.com/george07-t/AliExpress-Product-Review-Reply-Management-System/main/1.%20Dataset%20Collection/Product%20Review%20Of%20AliExpress.csv,Deterministic random sample of 100 from 117 English five-star reviews for the exact item.,Reviewer name was not retained.,168,28,1,0,0,0.02158273381294964,1,0,0.03571428571428571,0,1,Baseus Bowie MA10,Electronics,0,-1.2181635910368735
aliexpress_da73b891ba57020f,baseus_bowie_ma10,Baseus,Bowie MA10,AliExpress,AliExpress global English-language reviews,1005005742938199,https://www.aliexpress.com/item/1005005742938199.html,"Very good, fits perfectly in the ear and still has an endless battery, more than I need :) the touch that is not as responsive as I am used to.",,5.0,2024-10-02,BR,unknown,,en,published_web_scraped_corpus,https://raw.githubusercontent.com/george07-t/AliExpress-Product-Review-Reply-Management-System/main/1.%20Dataset%20Collection/Product%20Review%20Of%20AliExpress.csv,Deterministic random sample of 100 from 117 English five-star reviews for the exact item.,Reviewer name was not retained.,143,29,0,0,0,0.027522935779816515,1,0,0.034482758620689655,0,1,Baseus Bowie MA10,Electronics,0,-0.167292770576298
aliexpress_e035438576bb497b,baseus_bowie_ma10,Baseus,Bowie MA10,AliExpress,AliExpress global English-language reviews,1005005742938199,https://www.aliexpress.com/item/1005005742938199.html,"The size is a little big, but the sound quality noise canceling function is good.",,5.0,2024-11-08,KR,unknown,,en,published_web_scraped_corpus,https://raw.githubusercontent.com/george07-t/AliExpress-Product-Review-Reply-Management-System/main/1.%20Dataset%20Collection/Product%20Review%20Of%20AliExpress.csv,Deterministic random sample of 100 from 117 English five-star reviews for the exact item.,Reviewer name was not retained.,81,15,0,0,0,0.015384615384615385,2,0,0.13333333333333333,0,1,Baseus Bowie MA10,Electronics,0,-0.42379671527250906
aliexpress_e94c7d7f69e77729,baseus_bowie_ma10,Baseus,Bowie MA10,AliExpress,AliExpress global English-language reviews,1005005742938199,https://www.aliexpress.com/item/1005005742938199.html,It has very good sound quality and the option to customize the headphones through the application seemed very good,,5.0,2024-11-03,MX,unknown,,en,published_web_scraped_corpus,https://raw.githubusercontent.com/george07-t/AliExpress-Product-Review-Reply-Management-System/main/1.%20Dataset%20Collection/Product%20Review%20Of%20AliExpress.csv,Deterministic random sample of 100 from 117 English five-star reviews for the exact item.,Reviewer name was not retained.,114,19,0,0,0,0.010416666666666666,3,0,0.15789473684210525,0,1,Baseus Bowie MA10,Electronics,0,-0.08145397563129309
aliexpress_eae5572c3c608da2,baseus_bowie_ma10,Baseus,Bowie MA10,AliExpress,AliExpress global English-language reviews,1005005742938199,https://www.aliexpress.com/item/1005005742938199.html,"Goods of bulk, glyboki Basi, robot hour. I can give you the manager of the dot-tik.",,5.0,2024-11-01,UA,unknown,,en,published_web_scraped_corpus,https://raw.githubusercontent.com/george07-t/AliExpress-Product-Review-Reply-Management-System/main/1.%20Dataset%20Collection/Product%20Review%20Of%20AliExpress.csv,Deterministic random sample of 100 from 117 English five-star reviews for the exact item.,Reviewer name was not retained.,83,17,0,0,0,0.047619047619047616,0,0,0.0,0,1,Baseus Bowie MA10,Electronics,0,-0.2901340984619154
aliexpress_ecfe7ca7052417cc,baseus_bowie_ma10,Baseus,Bowie MA10,AliExpress,AliExpress global English-language reviews,1005005742938199,https://www.aliexpress.com/item/1005005742938199.html,"Excellent sound and material in general, the charging box is a little big unlike other headphones I have had but it is because of the large load capacity that these baseus have, the sound I like quite a lot, excellent bass and voice quality is very good, have several modes of equalization, Before these I had some edifier x3 Lite and these baseus takes them from the street, I recommend them, it did take a shit to arrive almost two months, they did not arrive in the estimated delivery commitment time by Aliexpress and they only gave me a coupon of 20 pesosAnyway, if I recommend them",,5.0,2024-10-29,MX,unknown,,en,published_web_scraped_corpus,https://raw.githubusercontent.com/george07-t/AliExpress-Product-Review-Reply-Management-System/main/1.%20Dataset%20Collection/Product%20Review%20Of%20AliExpress.csv,Deterministic random sample of 100 from 117 English five-star reviews for the exact item.,Reviewer name was not retained.,587,107,0,0,3,0.021321961620469083,6,0,0.056074766355140186,0,1,Baseus Bowie MA10,Electronics,0,-1.154746813360038
aliexpress_f36e64ebea99b82c,baseus_bowie_ma10,Baseus,Bowie MA10,AliExpress,AliExpress global English-language reviews,1005005742938199,https://www.aliexpress.com/item/1005005742938199.html,"Good product, great Material quality, the sound is very good, recommended",,5.0,2024-09-23,MX,unknown,,en,published_web_scraped_corpus,https://raw.githubusercontent.com/george07-t/AliExpress-Product-Review-Reply-Management-System/main/1.%20Dataset%20Collection/Product%20Review%20Of%20AliExpress.csv,Deterministic random sample of 100 from 117 English five-star reviews for the exact item.,Reviewer name was not retained.,73,11,0,0,0,0.03333333333333333,4,0,0.36363636363636365,0,1,Baseus Bowie MA10,Electronics,0,-0.11225909489211361
aliexpress_f3f8dd24def58333,baseus_bowie_ma10,Baseus,Bowie MA10,AliExpress,AliExpress global English-language reviews,1005005742938199,https://www.aliexpress.com/item/1005005742938199.html,"Great, high-quality headphones, very hard to find such a good phone for such a price",,5.0,2024-09-29,BR,unknown,,en,published_web_scraped_corpus,https://raw.githubusercontent.com/george07-t/AliExpress-Product-Review-Reply-Management-System/main/1.%20Dataset%20Collection/Product%20Review%20Of%20AliExpress.csv,Deterministic random sample of 100 from 117 English five-star reviews for the exact item.,Reviewer name was not retained.,84,16,0,0,0,0.014925373134328358,3,0,0.1875,0,1,Baseus Bowie MA10,Electronics,0,-0.5905725584289212
aliexpress_fcf839e2853cbf82,baseus_bowie_ma10,Baseus,Bowie MA10,AliExpress,AliExpress global English-language reviews,1005005742938199,https://www.aliexpress.com/item/1005005742938199.html,A revelation.,,5.0,2024-10-31,NL,unknown,,en,published_web_scraped_corpus,https://raw.githubusercontent.com/george07-t/AliExpress-Product-Review-Reply-Management-System/main/1.%20Dataset%20Collection/Product%20Review%20Of%20AliExpress.csv,Deterministic random sample of 100 from 117 English five-star reviews for the exact item.,Reviewer name was not retained.,13,2,0,0,0,0.09090909090909091,0,0,0.0,0,1,Baseus Bowie MA10,Electronics,1,0.21575029503624604
aliexpress_fe5f5c242e0d80ca,baseus_bowie_ma10,Baseus,Bowie MA10,AliExpress,AliExpress global English-language reviews,1005005742938199,https://www.aliexpress.com/item/1005005742938199.html,"I already did several tests with a phone, my ear is small and I was afraid of the phone not answering me, but I was surprised.",,5.0,2024-09-30,BR,unknown,,en,published_web_scraped_corpus,https://raw.githubusercontent.com/george07-t/AliExpress-Product-Review-Reply-Management-System/main/1.%20Dataset%20Collection/Product%20Review%20Of%20AliExpress.csv,Deterministic random sample of 100 from 117 English five-star reviews for the exact item.,Reviewer name was not retained.,126,26,0,0,0,0.030612244897959183,0,0,0.0,0,1,Baseus Bowie MA10,Electronics,1,0.3760977533760283
aliexpress_fe6cc331443d6a39,baseus_bowie_ma10,Baseus,Bowie MA10,AliExpress,AliExpress global English-language reviews,1005005742938199,https://www.aliexpress.com/item/1005005742938199.html,Everything goes well,,5.0,2024-11-07,IE,unknown,,en,published_web_scraped_corpus,https://raw.githubusercontent.com/george07-t/AliExpress-Product-Review-Reply-Management-System/main/1.%20Dataset%20Collection/Product%20Review%20Of%20AliExpress.csv,Deterministic random sample of 100 from 117 English five-star reviews for the exact item.,Reviewer name was not retained.,20,3,0,0,0,0.05555555555555555,0,0,0.0,0,1,Baseus Bowie MA10,Electronics,0,-1.1206693819777411
amazon_035aa1e8ed3aac88,baseus_bowie_ma10,Baseus,Bowie MA10,Amazon,Amazon US,B0C89QQ5XK,https://www.amazon.com/dp/B0C89QQ5XK,"I wanted a fairly priced good not excellent pair of Bluetooth earbuds with noise cancellation that I can use while my AirPods aren’t around. These are actually good like really good for the price point. Now of course these aren’t as good as AirPods Pro for example but they aren’t very far off. The noise cancellation is pretty good actually surprisingly good. The transparency mode however honestly I couldn’t tell between transparent on or ANC off. The sound quality and battery life are very good. The fit is very good in the ears but did get a bit uncomfortable for me. The case is huge though. Overall if you are looking for something affordable with good sound quality and pretty good noise cancellation, then don’t hesitate to make this purchase. You can’t go wrong.",We have come a long way,5.0,2023-11-30,United States,True,1.0,en,public_woot_review_endpoint,https://www.woot.com/review/Reviews/B0C89QQ5XK,English written five-star reviews selected from top-ranked and recent endpoint pools.,Reviewer name and media URLs were not retained.,773,140,0,0,0,0.033707865168539325,13,1,0.08571428571428572,0,1,Baseus Bowie MA10,Electronics,0,-1.8401821650472372
amazon_048722f8c7569b8b,baseus_bowie_ma10,Baseus,Bowie MA10,Amazon,Amazon US,B0C89QQ5XK,https://www.amazon.com/dp/B0C89QQ5XK,"I bought myself a pair of these and was immediately impressed with the sound quality. A little while went by and I noticed that the right earbud appeared to be emitting a lower volume. I attempted to troubleshoot and fix the issue, but no luck. I contacted Baseus and they were very responsive. They also gave me suggestions to fix the issue. No luck. Baseus then replaced my earbuds promptly. I received my new pair and was back in the groove. Great product and awesome customer service.",Awesome,5.0,2024-03-09,United States,True,2.0,en,public_woot_review_endpoint,https://www.woot.com/review/Reviews/B0C89QQ5XK,English written five-star reviews selected from top-ranked and recent endpoint pools.,Reviewer name and media URLs were not retained.,488,87,0,0,0,0.02806122448979592,3,0,0.034482758620689655,0,1,Baseus Bowie MA10,Electronics,0,-1.0493564710295147
amazon_04a7be4254bf6591,baseus_bowie_ma10,Baseus,Bowie MA10,Amazon,Amazon US,B0C89QQ5XK,https://www.amazon.com/dp/B0C89QQ5XK,"Used them today everything was good so far. Couldn't find a way to creat an account on the app,but still could use it. Happy with the purchase. Well and update got the account thing figured out but now big issue the right earbud won't play music anymore tried the trouble shooting guide but no help there so wiring to return hat a new pair really like the ears buds easy use a good sounds enough I'm laid off from work and my girl has been using them she said great sound and ease of use. Hopefully it gets resolved I got to get off the lawn chairs",Arrived a day early,5.0,2023-12-15,United States,True,0.0,en,public_woot_review_endpoint,https://www.woot.com/review/Reviews/B0C89QQ5XK,English written five-star reviews selected from top-ranked and recent endpoint pools.,Reviewer name and media URLs were not retained.,548,111,0,0,0,0.016129032258064516,5,0,0.04504504504504504,0,1,Baseus Bowie MA10,Electronics,0,-2.0980813981868494
amazon_05dcdbd53bf02df8,baseus_bowie_ma10,Baseus,Bowie MA10,Amazon,Amazon US,B0C89QQ5XK,https://www.amazon.com/dp/B0C89QQ5XK,Purchased a different version of these in the past and they have become my favorite. the design is made for comfort fit perfectly in the ear and do not slide off. I used them for a few days and sometimes forget i had them on. Very light and the sound quality is amazing.,the battery last a long time,5.0,2024-12-07,United States,True,0.0,en,public_woot_review_endpoint,https://www.woot.com/review/Reviews/B0C89QQ5XK,English written five-star reviews selected from top-ranked and recent endpoint pools.,Reviewer name and media URLs were not retained.,270,53,0,0,0,0.014018691588785047,2,0,0.03773584905660377,0,1,Baseus Bowie MA10,Electronics,1,0.04399287362934434
amazon_0d154928cee89de2,baseus_bowie_ma10,Baseus,Bowie MA10,Amazon,Amazon US,B0C89QQ5XK,https://www.amazon.com/dp/B0C89QQ5XK,"After watching Flossy Carters YouTube review, I decided to purchase these and ""Oh boy"" do these buds deliver. The call quality is flawless and consistent. The audio quality sounds great and when you adjust for different genres using the Baseus app (which is superb), these are unbeatable. Once you find your proper fit with the provided tips, you'll discover these to be nonfatiguing. They stay in your ears, the pre-installed wings augment this feature...you can forget you're wearing them. All the various modes function well enough for their price point. These are one of, if not the best values on the market. I'm extremely pleased with this product AND the impeccable customer service provided by Baseus. They're very professional and attentive and if needed, you will not be disappointed. When they upgrade the Bowie MA10 I will be the first to order, and so should you. Thank Kelsey and Katty!",Oh boyyyy!,5.0,2023-12-16,United States,True,9.0,en,public_woot_review_endpoint,https://www.woot.com/review/Reviews/B0C89QQ5XK,English written five-star reviews selected from top-ranked and recent endpoint pools.,Reviewer name and media URLs were not retained.,900,156,1,0,2,0.03894297635605007,4,1,0.019230769230769232,0,1,Baseus Bowie MA10,Electronics,0,-2.672718065228226
amazon_0f8fb0074ac678c6,baseus_bowie_ma10,Baseus,Bowie MA10,Amazon,Amazon US,B0C89QQ5XK,https://www.amazon.com/dp/B0C89QQ5XK,The Baseus In Ear Noise Cancelling ear buds are a pleasure to use… Well made with extra tips to adjust for different ear canal sizes.. Do a good job keeping extraneous sounds out and enhancing my listening pleasure.. The charger built into the base is fantastic with keeping the ear buds ready to go.. Base only needs recharging about once a month based on my use… For the cost I don’t think they can be beaten!!,Really Lucky Find,5.0,2024-11-28,United States,True,0.0,en,public_woot_review_endpoint,https://www.woot.com/review/Reviews/B0C89QQ5XK,English written five-star reviews selected from top-ranked and recent endpoint pools.,Reviewer name and media URLs were not retained.,412,77,2,0,0,0.03680981595092025,1,0,0.012987012987012988,0,1,Baseus Bowie MA10,Electronics,0,-1.2789670486600475
amazon_13df141e0e0ecaf0,baseus_bowie_ma10,Baseus,Bowie MA10,Amazon,Amazon US,B0C89QQ5XK,https://www.amazon.com/dp/B0C89QQ5XK,"I bought a lot of earbuds before but these are AMAZING! Not the $200 price of Beats but the greatest quality and sound! This company knows what it's doing! If you download the app, it even steps it up 5 notches! I will be only using them going forward and great gifts for the price, to many of my friends! Way to go Baseus!",The BEST wireless earbuds I ever got!,5.0,2023-11-24,United States,True,2.0,en,public_woot_review_endpoint,https://www.woot.com/review/Reviews/B0C89QQ5XK,English written five-star reviews selected from top-ranked and recent endpoint pools.,Reviewer name and media URLs were not retained.,323,65,6,0,4,0.06097560975609756,3,0,0.046153846153846156,0,1,Baseus Bowie MA10,Electronics,0,-1.3515360724298218
amazon_14119c5a8bce74b8,baseus_bowie_ma10,Baseus,Bowie MA10,Amazon,Amazon US,B0C89QQ5XK,https://www.amazon.com/dp/B0C89QQ5XK,"I use these buds at night to drown out the husband's loud snoring. They work great. I wish they fit better in my eat as I'm a side sleeper, but there are no buds that would solve that problem on the market. These buds last all night as well which is great. Other buds I had in the past would only last 4-6 hours so I'm happy with my purchase.",Works as expected and advertised,5.0,2024-01-24,United States,True,1.0,en,public_woot_review_endpoint,https://www.woot.com/review/Reviews/B0C89QQ5XK,English written five-star reviews selected from top-ranked and recent endpoint pools.,Reviewer name and media URLs were not retained.,342,74,0,0,2,0.03065134099616858,3,0,0.04054054054054054,0,1,Baseus Bowie MA10,Electronics,1,0.11392140171865217
amazon_143c9c39c13e1065,baseus_bowie_ma10,Baseus,Bowie MA10,Amazon,Amazon US,B0C89QQ5XK,https://www.amazon.com/dp/B0C89QQ5XK,"I fricken put one of these through the wash and it still works perfectly! Aside from that awesomeness, the sound is fantastic and by far way better than most ear buds, bass is amazing and the app that allows you to tune them exactly how you want is top notch and other brands apps do not let you adjust like that. Theyre truly one of a kind.",Officially best headphones ever,5.0,2024-10-09,United States,True,0.0,en,public_woot_review_endpoint,https://www.woot.com/review/Reviews/B0C89QQ5XK,English written five-star reviews selected from top-ranked and recent endpoint pools.,Reviewer name and media URLs were not retained.,341,67,1,0,0,0.011111111111111112,1,0,0.014925373134328358,0,1,Baseus Bowie MA10,Electronics,0,-1.6537602254296213
amazon_152f73436bfed1fd,baseus_bowie_ma10,Baseus,Bowie MA10,Amazon,Amazon US,B0C89QQ5XK,https://www.amazon.com/dp/B0C89QQ5XK,"If you like this type of earbud, for $40 these are tops. Extreme battery life in the carrier and per use. Sound and noise cancelling are better than JBL i paid 2.5x for. Contols also work well even if your fingers aren't dry/clean.",solid value earbuds,5.0,2025-05-20,United States,True,0.0,en,public_woot_review_endpoint,https://www.woot.com/review/Reviews/B0C89QQ5XK,English written five-star reviews selected from top-ranked and recent endpoint pools.,Reviewer name and media URLs were not retained.,231,46,0,0,4,0.03977272727272727,0,0,0.0,0,1,Baseus Bowie MA10,Electronics,0,-1.3295865088767629
amazon_16308ab007f3e08c,baseus_bowie_ma10,Baseus,Bowie MA10,Amazon,Amazon US,B0C89QQ5XK,https://www.amazon.com/dp/B0C89QQ5XK,"I have been using the Baseus Wireless Earbuds for over 2 weeks. The Pros: ▪︎ The battery life on this earbuds is amazing. I average about 5 - 8 hrs a day of use. So I just charge them every 5 days. ▪︎ Out of the box the sound is basic BUT once you customize it. IT'S A BEAST! ▪︎ They do fill comfortable and I have used them for up to 8hrs while at work. ▪︎ The Baseus App is very user friendly ▪︎ You can simultaneously connect with 2 devices and seamlessly switch from them without pairing hassle. ▪︎ You can wear one ear bud or both. Keep in mind the gestures for each earbud will be limited. ▪︎ IPX6 protection for rainy weather or an intense workout. The Cons: ▪︎ The button assistance has only 3 options for the left and right earbud. Out of the 3 you really could only customize 2. I have a smart watch that controls the play,stop,skip and volume options. I personally enjoy that set up vs tapping the earbuds in my ear. ▪︎ The shape of the earbuds are a bit in the bulky size but they're light. Overall: ▪︎ If you're looking for either a budget friendly or a backup set. This earbuds are perfect. I have used my fair share of earbuds and lost a lot as well. I used this when I'm commuting to work, at the gym, or laying down at home.",Best budget earbuds in the market!,5.0,2024-02-26,United States,True,15.0,en,public_woot_review_endpoint,https://www.woot.com/review/Reviews/B0C89QQ5XK,English written five-star reviews selected from top-ranked and recent endpoint pools.,Reviewer name and media URLs were not retained.,1241,240,1,0,10,0.05026737967914439,3,0,0.0125,0,1,Baseus Bowie MA10,Electronics,0,-1.6897774355088844
amazon_16845e262b2397bd,baseus_bowie_ma10,Baseus,Bowie MA10,Amazon,Amazon US,B0C89QQ5XK,https://www.amazon.com/dp/B0C89QQ5XK,These,Impressive sound,5.0,2025-05-28,United States,True,0.0,en,public_woot_review_endpoint,https://www.woot.com/review/Reviews/B0C89QQ5XK,English written five-star reviews selected from top-ranked and recent endpoint pools.,Reviewer name and media URLs were not retained.,5,1,0,0,0,0.2,0,0,0.0,0,1,Baseus Bowie MA10,Electronics,1,0.3364137551491427
amazon_17dff3752f2c82e8,baseus_bowie_ma10,Baseus,Bowie MA10,Amazon,Amazon US,B0C89QQ5XK,https://www.amazon.com/dp/B0C89QQ5XK,"There's one elusive feature that seemed unobtainable on a budget until I saw this pair. I have seen a number of budget pairs that have large cases/long run times, 4 mics for ENC, ANC, etc, but, this is the first affordable pair I've seen with multipoint Bluetooth connect (so I can switch seamlessly between two devices without having to connect/disconnect/reconnect repeatedly - and it works! The earbuds sound as good as any of my favorite pairs and the app allows you to adjust the EQ to your liking. I watched a few YouTube reviews of these before purchase and the mic tests were incredible, so though I haven't used these on a phone call yet, I'm confident they will sound amazing. The only thing I dislike is the groove that appears under the lid when closed - it sort of looks like it's not really closed. Otherwise, solid case. For my purposes (multipoint connection with decent sound quality/good mic) - these are perfect.",Multipoint connection on a budget (finally)!,5.0,2023-11-25,United States,True,2.0,en,public_woot_review_endpoint,https://www.woot.com/review/Reviews/B0C89QQ5XK,English written five-star reviews selected from top-ranked and recent endpoint pools.,Reviewer name and media URLs were not retained.,931,169,1,0,1,0.032520325203252036,5,0,0.029585798816568046,0,1,Baseus Bowie MA10,Electronics,0,-1.2296352440200764
amazon_18b0bcaaba882a2c,baseus_bowie_ma10,Baseus,Bowie MA10,Amazon,Amazon US,B0C89QQ5XK,https://www.amazon.com/dp/B0C89QQ5XK,"I did a little bit of research on ear buds that sounded great but didn't break the bank. These can up in a few articles, so I took a chance on these and I have to say they are AMAZING!! To get the most out of these ear buds and to get them set up the way you want you'll need to download the Baseus app, which is free. From there you can pick your preferred sound style as well as select the different touch controls. I would highly recommend setting your own EQ levels. I found a YouTube video where the guy shows the exact levels to set your EQ's at, and the sound quality went through the roof. AND the battery last FOREVER!! I use these several hours a day and can go the ENTIRE WEEK without charging them. I have only used them a few times to answer calls, but I have not experienced any problems with that either. If you are looking for ear buds with: LOW Cost AMAZING sound SUPER LONG battery life Then I would HIGHLY RECOMMEND these.",Absolutely Incredible Sound!!,5.0,2024-10-02,United States,True,5.0,en,public_woot_review_endpoint,https://www.woot.com/review/Reviews/B0C89QQ5XK,English written five-star reviews selected from top-ranked and recent endpoint pools.,Reviewer name and media URLs were not retained.,941,187,4,0,0,0.11246612466124661,6,0,0.03208556149732621,0,1,Baseus Bowie MA10,Electronics,0,-1.4350820804087365
amazon_1a6623aef5715762,baseus_bowie_ma10,Baseus,Bowie MA10,Amazon,Amazon US,B0C89QQ5XK,https://www.amazon.com/dp/B0C89QQ5XK,"I received the Baseus Earbuds last eeek and I have to tell you, with the promotional price, these earbuds are better than any I’ve tried. I sleep with an air purifier on in my room and when I easily turn on the ANC noise canceling feature I can barely hear it. The sound quality is also quite good, and they hold a charge for a very long time. Very happy with this purchase!",Great Noise Canceling for the Price,5.0,2023-12-07,United States,True,2.0,en,public_woot_review_endpoint,https://www.woot.com/review/Reviews/B0C89QQ5XK,English written five-star reviews selected from top-ranked and recent endpoint pools.,Reviewer name and media URLs were not retained.,374,74,1,0,0,0.04421768707482993,3,0,0.04054054054054054,0,1,Baseus Bowie MA10,Electronics,0,-1.507301110216599
amazon_1b941501b26078cb,baseus_bowie_ma10,Baseus,Bowie MA10,Amazon,Amazon US,B0C89QQ5XK,https://www.amazon.com/dp/B0C89QQ5XK,"Let us get the first thing out of the way, yes the case is big but has fantastic stand by battery life ! The sound quality is great , I felt the mids and vocals were recessed but I downloaded the app and was able to adjust the EQ to get what I want - overall sound quality is good. The fit is good and stays in place , the wing tip can cause fatigue after several hours , I wish there were different size options for the wing tips . Sound stage is ok for this price point - I was not expecting a big sound stage . Battery life is fantastic! Audio call quality is Ok but I would not plan to attend important calls with this The case seems solid but I wonder if the lid will hold up over long duration of open/close - to be seen ANC - takes care of ac/cars etc really well , surprised Transparent mode - decent , don’t expect premium quality here . Overall - a fantastic buy for the price !!!!",Decent sound with usable anc and transparent modes,5.0,2023-11-24,United States,True,23.0,en,public_woot_review_endpoint,https://www.woot.com/review/Reviews/B0C89QQ5XK,English written five-star reviews selected from top-ranked and recent endpoint pools.,Reviewer name and media URLs were not retained.,891,169,6,0,0,0.032116788321167884,7,0,0.04142011834319527,0,1,Baseus Bowie MA10,Electronics,0,-1.937268605367012
amazon_1e6c70e3d3947088,baseus_bowie_ma10,Baseus,Bowie MA10,Amazon,Amazon US,B0C89QQ5XK,https://www.amazon.com/dp/B0C89QQ5XK,"I’ve had these for about a year now. And they are by far my favorite wireless earbuds. I’m a creature of comfort , especially with my ears and a migraine suffer. These earbuds are comfortable and offer a snug fit within my ears. The charge lasts for a very long time, I can adjust the sound quality, and the tap options within the App. Easy to download, setup and have options for noise cancellation. Volume control is easy to do with a finger tap on the earbuds. BEST value for your money. Thank you for reading.",Love love love!!!,5.0,2024-12-28,United States,True,2.0,en,public_woot_review_endpoint,https://www.woot.com/review/Reviews/B0C89QQ5XK,English written five-star reviews selected from top-ranked and recent endpoint pools.,Reviewer name and media URLs were not retained.,513,97,0,0,0,0.034739454094292806,5,0,0.05154639175257732,0,1,Baseus Bowie MA10,Electronics,0,-0.5218322494741219
amazon_2099d8264d342b24,baseus_bowie_ma10,Baseus,Bowie MA10,Amazon,Amazon US,B0C89QQ5XK,https://www.amazon.com/dp/B0C89QQ5XK,"Update 11/26/23 - I'm delighted that Baseus reached out and refunded the initial amount after the right earbud would no longer hold a charge. I'll buy again. Unbelievable value at this price point. I have Sony WF-100XM4s, and this delivers about 70% of the value/features that the XM4s do. I'm blown away that sub $30 earbuds can even come close to the ANC/sound quality of $250+ earbuds. Note: you need to ensure that the tips seal your ears properly. If not, it's worth purchasing larger/smaller tips to asses the ANC.",Unbelievable value,5.0,2023-11-24,United States,True,3.0,en,public_woot_review_endpoint,https://www.woot.com/review/Reviews/B0C89QQ5XK,English written five-star reviews selected from top-ranked and recent endpoint pools.,Reviewer name and media URLs were not retained.,520,99,0,0,18,0.05670103092783505,1,0,0.010101010101010102,0,1,Baseus Bowie MA10,Electronics,0,-1.9494337187426636
amazon_212f1bc42e4f1b66,baseus_bowie_ma10,Baseus,Bowie MA10,Amazon,Amazon US,B0C89QQ5XK,https://www.amazon.com/dp/B0C89QQ5XK,"All I can say is WOW for the price. I am not an audiophile but these sound amazing for the price. I purchased these as a backup for my SonyWf1000XM4's and the sound quality difference is negligible to my ears. These ear buds are also extremely comfortable. I might even say more comfortable than my Sony's. Thoroughly impressed. Update, I still give these 5 stars for the price, but the more I use them I must say yest there is a sound difference from the XM4's I referenced, especially in the bass and at higher volumes. That said for the price these are incredible ear buds.",Wow!!,5.0,2023-11-28,United States,True,0.0,en,public_woot_review_endpoint,https://www.woot.com/review/Reviews/B0C89QQ5XK,English written five-star reviews selected from top-ranked and recent endpoint pools.,Reviewer name and media URLs were not retained.,576,109,0,0,7,0.051111111111111114,4,0,0.03669724770642202,0,1,Baseus Bowie MA10,Electronics,0,-0.6226129123158568
amazon_22cfc72a334bbc15,baseus_bowie_ma10,Baseus,Bowie MA10,Amazon,Amazon US,B0C89QQ5XK,https://www.amazon.com/dp/B0C89QQ5XK,Pairs via Bluetooth very easily with my IPhone and the sound quality is great. Very comfortable and secure fit in the ear. Holds charge really well. A price/performance bargain.,Excellent Sound Quality,5.0,2025-05-23,United States,False,0.0,en,public_woot_review_endpoint,https://www.woot.com/review/Reviews/B0C89QQ5XK,English written five-star reviews selected from top-ranked and recent endpoint pools.,Reviewer name and media URLs were not retained.,177,30,0,0,0,0.04861111111111111,3,0,0.1,0,1,Baseus Bowie MA10,Electronics,0,-1.780320913710176
amazon_278cf30925540bf0,baseus_bowie_ma10,Baseus,Bowie MA10,Amazon,Amazon US,B0C89QQ5XK,https://www.amazon.com/dp/B0C89QQ5XK,"I have used several ear buds like these and these are just as good as any of the others. The sound seems full - especially if you set up the EQ in the app. That makes a BIG difference as I boosted the entire spectrum (and put the lower frequencies at their highest settings) which yielded a nice result. They are a little big, but generally fit into my average size ear OK. I will say that the container is shockingly large - much larger than the TOZO ear bud container that I also have. If you have very tight pockets and/or some other reason for avoiding a rather large container, that is the only reason you might steer clear...",No reason to pay more...,5.0,2024-02-11,United States,True,0.0,en,public_woot_review_endpoint,https://www.woot.com/review/Reviews/B0C89QQ5XK,English written five-star reviews selected from top-ranked and recent endpoint pools.,Reviewer name and media URLs were not retained.,631,119,0,0,0,0.03822937625754527,2,0,0.01680672268907563,0,1,Baseus Bowie MA10,Electronics,0,-0.3926438509470378
amazon_28fe265fbfa81519,baseus_bowie_ma10,Baseus,Bowie MA10,Amazon,Amazon US,B0C89QQ5XK,https://www.amazon.com/dp/B0C89QQ5XK,These headphones are unreal. I dropped them in a sizzling hot tub and sat in bottom for 20 minutes before I got them out. Worked like a champ. Unreal. That is why I bought second pair,Unreal durability from water,5.0,2025-03-02,United States,True,0.0,en,public_woot_review_endpoint,https://www.woot.com/review/Reviews/B0C89QQ5XK,English written five-star reviews selected from top-ranked and recent endpoint pools.,Reviewer name and media URLs were not retained.,183,36,0,0,2,0.04929577464788732,0,0,0.0,0,1,Baseus Bowie MA10,Electronics,0,-1.1857315773043486
amazon_2e4819533e14036b,baseus_bowie_ma10,Baseus,Bowie MA10,Amazon,Amazon US,B0C89QQ5XK,https://www.amazon.com/dp/B0C89QQ5XK,"Hidden gold. Literally the best cheap headphones I've ever bought here on Amazon. Good bass Not muddied by the mids and has some good clear highs to accent the range. Vocals are clear through bass and spoken word like podcasts sound great. My only gripe is that the buttons are kinda hard to navigate to easily. Tapping is hard cause they're cocked to the side ever so slightly. But with more use comes more experience, I won't be crying about it for much longer.",What the heck?,5.0,2023-12-07,United States,True,0.0,en,public_woot_review_endpoint,https://www.woot.com/review/Reviews/B0C89QQ5XK,English written five-star reviews selected from top-ranked and recent endpoint pools.,Reviewer name and media URLs were not retained.,463,87,0,0,0,0.02981029810298103,4,1,0.034482758620689655,0,1,Baseus Bowie MA10,Electronics,0,-1.830863655298085
amazon_2ec5c9719aa43443,baseus_bowie_ma10,Baseus,Bowie MA10,Amazon,Amazon US,B0C89QQ5XK,https://www.amazon.com/dp/B0C89QQ5XK,"I love these headphones. If you're one of those people who doesn't like to charge them all the time, it's a good buy. I still have them.",happy with the purchase,5.0,2025-06-30,United States,True,0.0,en,public_woot_review_endpoint,https://www.woot.com/review/Reviews/B0C89QQ5XK,English written five-star reviews selected from top-ranked and recent endpoint pools.,Reviewer name and media URLs were not retained.,136,30,0,0,0,0.02912621359223301,2,0,0.06666666666666667,0,1,Baseus Bowie MA10,Electronics,1,0.12622592599157462
amazon_2f53734744cd1d7c,baseus_bowie_ma10,Baseus,Bowie MA10,Amazon,Amazon US,B0C89QQ5XK,https://www.amazon.com/dp/B0C89QQ5XK,"I am so happy that I took the chance and purchased these headphones, I love good sounding earbuds when listening to music and will not use any headphones that don't have good sound for my music, these have great sound and I enjoy using them, they pair to my phone easily and I would definitely buy this brand again! I am extremely happy with my purchase!",I love these earbuds!!,5.0,2024-02-14,United States,True,0.0,en,public_woot_review_endpoint,https://www.woot.com/review/Reviews/B0C89QQ5XK,English written five-star reviews selected from top-ranked and recent endpoint pools.,Reviewer name and media URLs were not retained.,354,67,2,0,0,0.02120141342756184,6,0,0.08955223880597014,0,1,Baseus Bowie MA10,Electronics,0,-0.5722981930403102
amazon_359b0a8470fe9eef,baseus_bowie_ma10,Baseus,Bowie MA10,Amazon,Amazon US,B0C89QQ5XK,https://www.amazon.com/dp/B0C89QQ5XK,Superior quality sound. I love the 140 hours of continuous playing time.,High quality and superior sound.,5.0,2025-08-23,United States,True,0.0,en,public_woot_review_endpoint,https://www.woot.com/review/Reviews/B0C89QQ5XK,English written five-star reviews selected from top-ranked and recent endpoint pools.,Reviewer name and media URLs were not retained.,72,12,0,0,3,0.03571428571428571,2,0,0.16666666666666666,0,1,Baseus Bowie MA10,Electronics,0,-0.10880725642732969
amazon_3dcb6a1610089148,baseus_bowie_ma10,Baseus,Bowie MA10,Amazon,Amazon US,B0C89QQ5XK,https://www.amazon.com/dp/B0C89QQ5XK,"When you talk about bang for your buck this is definitely it I had a lot of these little earbuds sound quality right on par with the best of them they do make you download an app which I didn’t really like because it’s just another thing taking up space on my phone but it control. A lot of other features to the headphones, which was pretty cool overall I recommend this product.",I was overwhelmed in surprise,5.0,2024-01-07,United States,True,1.0,en,public_woot_review_endpoint,https://www.woot.com/review/Reviews/B0C89QQ5XK,English written five-star reviews selected from top-ranked and recent endpoint pools.,Reviewer name and media URLs were not retained.,380,75,0,0,0,0.0165016501650165,3,0,0.04,0,1,Baseus Bowie MA10,Electronics,0,-0.6583751710609369
amazon_41d69d8711a558d1,baseus_bowie_ma10,Baseus,Bowie MA10,Amazon,Amazon US,B0C89QQ5XK,https://www.amazon.com/dp/B0C89QQ5XK,"The sound quality is amazing. Loud, clear, crisp call quality, as well as for music. The background noise cancelling properties are also awesome! The value and sound quality you get out of these little things gives most name brands a run for their money, and I know first-hand because I've tried many different name brands of ear buds. Very simple to connect to any bluetooth device for complete wireless functionality, and they come with a little hard case, that is also what charges them. There's 4 different-sized ear piece adapter attachments included, so they are sure to fit most people's different and unique ear cavity sizes and shapes, and so comfortable, you can wear them all day. They get extremely loud, and it's very easyb to switch between music and phone calls with the simple touch of a button.",Amazing sound from a tiny device. Has great battery life for all day use.,5.0,2025-02-06,United States,True,1.0,en,public_woot_review_endpoint,https://www.woot.com/review/Reviews/B0C89QQ5XK,English written five-star reviews selected from top-ranked and recent endpoint pools.,Reviewer name and media URLs were not retained.,811,145,1,0,1,0.01386748844375963,6,0,0.041379310344827586,0,1,Baseus Bowie MA10,Electronics,0,-1.2085087350710235
amazon_4276728feb9ba067,baseus_bowie_ma10,Baseus,Bowie MA10,Amazon,Amazon US,B0C89QQ5XK,https://www.amazon.com/dp/B0C89QQ5XK,I just want to say that this has been my best Amazon purchase EVER. I got these November 2023 and I have not charged them since. I have used them sometimes on a daily basis and I haven’t had to charge them. I also forget them in my pant pocket and put it to wash. It still works perfectly like nothing ever happened. Such a great purchase!,Battery Life is Crazy!,5.0,2025-06-08,United States,True,0.0,en,public_woot_review_endpoint,https://www.woot.com/review/Reviews/B0C89QQ5XK,English written five-star reviews selected from top-ranked and recent endpoint pools.,Reviewer name and media URLs were not retained.,339,68,1,0,4,0.05343511450381679,2,0,0.029411764705882353,0,1,Baseus Bowie MA10,Electronics,0,-1.8376729618109668
amazon_4410c7b7637c822c,baseus_bowie_ma10,Baseus,Bowie MA10,Amazon,Amazon US,B0C89QQ5XK,https://www.amazon.com/dp/B0C89QQ5XK,"these r prety awsum. they dont fall out your ear easily like others. u can also use an eq thru the app. the batery last real long(about 10hrs for the earbuds). ive bought quite a few pairs of earbuds n these ones r the best. i will buy another pair edit: lol sory not even a yr the rite side completely stopd workin, charging n sound.",best ones so far,5.0,2024-04-27,United States,True,0.0,en,public_woot_review_endpoint,https://www.woot.com/review/Reviews/B0C89QQ5XK,English written five-star reviews selected from top-ranked and recent endpoint pools.,Reviewer name and media URLs were not retained.,334,67,0,0,2,0.0,1,0,0.014925373134328358,0,1,Baseus Bowie MA10,Electronics,0,-1.7477079527730774
amazon_46a73cfe5359cd8b,baseus_bowie_ma10,Baseus,Bowie MA10,Amazon,Amazon US,B0C89QQ5XK,https://www.amazon.com/dp/B0C89QQ5XK,"I’ve tried quite a few Bluetooth ear buds. This was definitely the most expensive I have paid, but the sound is EXCELLENT!!!! They are also very comfortable to wear!!! It was advertised as waterproof and I just tried them in the shower. It did stop playing music at first, which scared me! But when I started them back up it never shut off again! Though it would randomly say that it was turning something off (I couldn’t understand what it said because it still played the music, which I LOVE) but whatever it was randomly turning off didn’t seem to effect the quality!!! Also, in the past with other Bluetooth devices, in the shower the earbuds would keep trying to jump out of my ears. But with these they say snuggly in my ears the entire time!!! I am not sure how long the battery life is yet. But the case is huge! That’s the only downfall, but if it is for the longer battery life, I think it’s worth that trade off. Overall, I 100% would recommend these!!!",Excellent sound!!!!,5.0,2024-08-04,United States,True,6.0,en,public_woot_review_endpoint,https://www.woot.com/review/Reviews/B0C89QQ5XK,English written five-star reviews selected from top-ranked and recent endpoint pools.,Reviewer name and media URLs were not retained.,964,184,19,0,3,0.047106325706594884,5,0,0.02717391304347826,0,1,Baseus Bowie MA10,Electronics,0,-2.564230705333404
amazon_4abc5f806882c285,baseus_bowie_ma10,Baseus,Bowie MA10,Amazon,Amazon US,B0C89QQ5XK,https://www.amazon.com/dp/B0C89QQ5XK,"I don't have many dislikes. Noise cancelling works well (A), sound quality is surprisingly clear and the lows don't distort at high volume (A-), battery hasn't let me down yet (A+), and I find earbuds usually hurt my ear after a while but these silicone buds fit perfectly, with little to no discomfort after prolonged use (A). I'd say they're a cheaper, excellent alternative to some name brand buds.",Comfortable and quality for the price,5.0,2024-06-11,United States,True,1.0,en,public_woot_review_endpoint,https://www.woot.com/review/Reviews/B0C89QQ5XK,English written five-star reviews selected from top-ranked and recent endpoint pools.,Reviewer name and media URLs were not retained.,401,74,0,0,0,0.025806451612903226,2,0,0.02702702702702703,0,1,Baseus Bowie MA10,Electronics,0,-1.547445634040343
amazon_4c9173118bb5f6e7,baseus_bowie_ma10,Baseus,Bowie MA10,Amazon,Amazon US,B0C89QQ5XK,https://www.amazon.com/dp/B0C89QQ5XK,"Updated a month after the original review: These earbuds are still great! I highly recommend them. The case is still too large, but that is the only drawback. Original review: A great set of earbuds. Great sound, great microphone on calls, great battery, great multipoint. Two drawbacks: (1) downside is that the charging case is huge. Too large to carry in my pants pocket, so I need to carry it in my backpack. (2) There was inadequate instruction on how to use the one set of earbuds with 2 different devices. Eventually I figured it out: pair one. then disable the bluetooth on that, and pair with a second device. Then turn on the first one whose bluetooth you turned off. Definitely a good value.","Great sound, great microphone on calls, great battery, good multipoint, but a HUGE case.",5.0,2023-12-17,United States,True,2.0,en,public_woot_review_endpoint,https://www.woot.com/review/Reviews/B0C89QQ5XK,English written five-star reviews selected from top-ranked and recent endpoint pools.,Reviewer name and media URLs were not retained.,702,125,1,0,3,0.0273224043715847,8,0,0.064,0,1,Baseus Bowie MA10,Electronics,0,-0.7917943342969245
amazon_4ed5c7b43cc18b16,baseus_bowie_ma10,Baseus,Bowie MA10,Amazon,Amazon US,B0C89QQ5XK,https://www.amazon.com/dp/B0C89QQ5XK,"Very good bass compared to others with same price. Batteries last 3-6hrs continuously using (earbuds). Very good waterproof (10mins 🚿). Cheaper than others) Cannot clean earwax that sticks to the nozzle of the earbuds. Hope they fix this problem or just make it removable filter so it can be washed. Drove over my left bud, broken 😡 lucky i got a spare.","Clear bass, waterproof, good price, long lasting batteries.",5.0,2024-01-26,United States,True,0.0,en,public_woot_review_endpoint,https://www.woot.com/review/Reviews/B0C89QQ5XK,English written five-star reviews selected from top-ranked and recent endpoint pools.,Reviewer name and media URLs were not retained.,353,61,0,0,4,0.02564102564102564,2,1,0.01639344262295082,0,1,Baseus Bowie MA10,Electronics,0,-1.776200970093822
amazon_503e87d71e2d6347,baseus_bowie_ma10,Baseus,Bowie MA10,Amazon,Amazon US,B0C89QQ5XK,https://www.amazon.com/dp/B0C89QQ5XK,"Hold charge for very long time. When it gets low, the carrying case charges them fast and easy. Great sound quality and bass. Couldn’t be happier.",Would buy again in a heartbeat,5.0,2025-06-28,United States,True,1.0,en,public_woot_review_endpoint,https://www.woot.com/review/Reviews/B0C89QQ5XK,English written five-star reviews selected from top-ranked and recent endpoint pools.,Reviewer name and media URLs were not retained.,146,27,0,0,0,0.034782608695652174,4,0,0.14814814814814814,0,1,Baseus Bowie MA10,Electronics,0,-1.2031016050157737
amazon_52514b68561e115a,baseus_bowie_ma10,Baseus,Bowie MA10,Amazon,Amazon US,B0C89QQ5XK,https://www.amazon.com/dp/B0C89QQ5XK,Dropped one while working and ran it over with a truck. It still works and actually sounds fine. Really enjoy the battery length of both the headphones and case. Ear pieces are a little uncomfortable after long use. Could be I have the wrong size on them. Definitely will eventually buy another when I inevitability lose this set.,Sturdy/durable,5.0,2024-02-07,United States,True,0.0,en,public_woot_review_endpoint,https://www.woot.com/review/Reviews/B0C89QQ5XK,English written five-star reviews selected from top-ranked and recent endpoint pools.,Reviewer name and media URLs were not retained.,330,58,0,0,0,0.0299625468164794,0,1,-0.017241379310344827,0,1,Baseus Bowie MA10,Electronics,0,-2.5730048638036283
amazon_532298620525d9ae,baseus_bowie_ma10,Baseus,Bowie MA10,Amazon,Amazon US,B0C89QQ5XK,https://www.amazon.com/dp/B0C89QQ5XK,Product works great with my current position.,Good product to use,5.0,2025-10-18,United States,True,0.0,en,public_woot_review_endpoint,https://www.woot.com/review/Reviews/B0C89QQ5XK,English written five-star reviews selected from top-ranked and recent endpoint pools.,Reviewer name and media URLs were not retained.,45,7,0,0,0,0.02631578947368421,1,0,0.14285714285714285,0,1,Baseus Bowie MA10,Electronics,0,-0.3863903859766469
amazon_571cca331861ca17,baseus_bowie_ma10,Baseus,Bowie MA10,Amazon,Amazon US,B0C89QQ5XK,https://www.amazon.com/dp/B0C89QQ5XK,"I wrote before and just want to add: today I could put to test as I ran and it was amazing, did not move from my ear not once. Also it was the first time I taught my Pilates class via Zoom using it. It was crystal clear for my students and it stayed put the whole session which is so important to me. I totally recommend. It charges super fast and so far battery is excellent. Wow, I gave myself a nice gift!",More than I expected!,5.0,2023-11-28,United States,True,0.0,en,public_woot_review_endpoint,https://www.woot.com/review/Reviews/B0C89QQ5XK,English written five-star reviews selected from top-ranked and recent endpoint pools.,Reviewer name and media URLs were not retained.,408,84,1,0,0,0.0379746835443038,5,0,0.05952380952380952,0,1,Baseus Bowie MA10,Electronics,0,-1.0928809006341782
amazon_581d6cd0b4b44bdb,baseus_bowie_ma10,Baseus,Bowie MA10,Amazon,Amazon US,B0C89QQ5XK,https://www.amazon.com/dp/B0C89QQ5XK,"Size - Both the case and earbuds are larger and heavier than other options. That being said both feel solid and well built. The ear buds have a slight heft, but don't feel too heavy to wear for long periods or workout with. The case is larger than I'd want to keep on me while working out, but would be ok for a bag or pants pocket. Sound quality - Sound quality is better than an earbud at this price point has any right to be. These earbuds have strong bass without overpowering the rest of the audio. The audio sounds open and natural. Features - Noise cancelling causes a significant drop in environment noise without producing the faint hiss that other nose cancelling sometimes produces. The transparent mode is less distinct than I would have wanted. Voices don't come through as strongly as I would want, but would still be beneficial for phone calls. Design and style - These come off as well built. The magnetic lid stays secure and does not feel like it would intentionally open. There are subtly touches that make these feel like a more premium product like the textured case bottom, bud holder that transitions from matte to glossy, and circular status lights on each bud. Overall, I don't think I've seen a better quality product for the price and it's likely you could spend double and still not get as good off a product.",Unbeatable for the price.,5.0,2024-09-28,United States,True,17.0,en,public_woot_review_endpoint,https://www.woot.com/review/Reviews/B0C89QQ5XK,English written five-star reviews selected from top-ranked and recent endpoint pools.,Reviewer name and media URLs were not retained.,1337,243,0,0,0,0.02155576382380506,4,0,0.01646090534979424,0,1,Baseus Bowie MA10,Electronics,0,-1.8946621974505198
amazon_585d71150cc97891,baseus_bowie_ma10,Baseus,Bowie MA10,Amazon,Amazon US,B0C89QQ5XK,https://www.amazon.com/dp/B0C89QQ5XK,I like that they fit and stay in my ear. When they are place in the case they shut off automatically . When they are charged they are on and you connect them and they are good to go. It was a Christmas gift from my husband.,Love these easy to pair with your phone.,5.0,2024-12-29,United States,True,0.0,en,public_woot_review_endpoint,https://www.woot.com/review/Reviews/B0C89QQ5XK,English written five-star reviews selected from top-ranked and recent endpoint pools.,Reviewer name and media URLs were not retained.,223,46,0,0,0,0.028901734104046242,1,0,0.021739130434782608,0,1,Baseus Bowie MA10,Electronics,0,-0.9698256405246863
amazon_5a1378647077777b,baseus_bowie_ma10,Baseus,Bowie MA10,Amazon,Amazon US,B0C89QQ5XK,https://www.amazon.com/dp/B0C89QQ5XK,"The sound for music isnt bad and is definitely good, but it isnt the best for music. There is an app you can adjust the audio. A feature i really liked about the app is being able to customize the controls of the ear buds, what taps do what on the buds, theres no actual buttons on the earbuds. BUT i dont use them for music i use them for gaming &The sound is perfect for gaming, it has a low latency mode you turn on for gaming and it works perfect, zero audio delay. they work on PC and Nintendo Switch, they do not work for Ps5. My favorite part is the battery life, they last forever, literally forever, I marathon game for like 18 hours, these things dont die, i always just put them back in the case, ive never even heard them give a warning that the battery is low while the buds are in my ear. They also charge extremely fast in the case aswell & The case stays charged for an extremely long time and charges fast aswell. They do fall out of your ear if you tilt your head swiftly, but they've never fallen out while gaming only when doing boring IRL activities 😴 😏. 10/10 gaming ear buds.",Built for marathon gaming sessions,5.0,2025-08-19,United States,False,0.0,en,public_woot_review_endpoint,https://www.woot.com/review/Reviews/B0C89QQ5XK,English written five-star reviews selected from top-ranked and recent endpoint pools.,Reviewer name and media URLs were not retained.,1098,214,0,0,7,0.023557126030624265,6,1,0.02336448598130841,0,1,Baseus Bowie MA10,Electronics,0,-1.7949001252285095
amazon_5b9f63f773f8335a,baseus_bowie_ma10,Baseus,Bowie MA10,Amazon,Amazon US,B0C89QQ5XK,https://www.amazon.com/dp/B0C89QQ5XK,My retired husband purchased these last year to use while working with my son with this landscaping business. They put in long days!! These earbuds worked perfectly! They cancelled out the noise of the mowers and machinery and that's saying something for my husband he has lost some of his hearing! He seldom had to charge them which is awesome! I started using them this winter to be able to read in the living room while he had the TV and his iPad going at the same time! I believe we are still married due to the effectiveness of these ear buds. I am now ordering another pair for myself. I can't do without them now. The battery life is incredible!! I've only charged them once after two months of usage!! I Totally suggest purchasing these earbuds!!,Excellent product!,5.0,2024-02-19,United States,True,0.0,en,public_woot_review_endpoint,https://www.woot.com/review/Reviews/B0C89QQ5XK,English written five-star reviews selected from top-ranked and recent endpoint pools.,Reviewer name and media URLs were not retained.,754,140,12,0,0,0.02671118530884808,1,0,0.007142857142857143,0,1,Baseus Bowie MA10,Electronics,0,-1.8673486426110175
amazon_5bb774dbc0254eed,baseus_bowie_ma10,Baseus,Bowie MA10,Amazon,Amazon US,B0C89QQ5XK,https://www.amazon.com/dp/B0C89QQ5XK,"I have been plagued with working with attention seeking females with very loud voices. No matter how high I would turn the volume up on my other ear buds, or close my door, I would still hear the desperate attempts of my coworkers wanting attention. My husband bought me these, and holy crap, it completely erased the monotonous drone of her voice. I can finally get my work done without distractions, and I can officially put my voodoo doll of her away!",Complete noise cancelling!!,5.0,2023-11-03,United States,True,1.0,en,public_woot_review_endpoint,https://www.woot.com/review/Reviews/B0C89QQ5XK,English written five-star reviews selected from top-ranked and recent endpoint pools.,Reviewer name and media URLs were not retained.,454,82,1,0,0,0.019230769230769232,0,0,0.0,0,1,Baseus Bowie MA10,Electronics,0,-1.8563208046350375
amazon_604c070ac6bd7872,baseus_bowie_ma10,Baseus,Bowie MA10,Amazon,Amazon US,B0C89QQ5XK,https://www.amazon.com/dp/B0C89QQ5XK,"I love that they last for about 50 hours before you have to charge them again. They do not sounds as great as my apple pair, however, they work great for the price. I only wish my apple iPods would last as long as these. And the.sound is very good, like I said they are not as great SOUNDING AS MY APPLE iPods but they do sound very good. And they are only a fraction of the price. Oh and they are very comfortable, I can fall asleep with these on and they fit very well in my ear canal too. I would recommend them highly.",I these ear pods as my backup pair when I’m charging my iPhone set.,5.0,2023-12-29,United States,True,2.0,en,public_woot_review_endpoint,https://www.woot.com/review/Reviews/B0C89QQ5XK,English written five-star reviews selected from top-ranked and recent endpoint pools.,Reviewer name and media URLs were not retained.,522,107,0,0,2,0.06947890818858561,8,0,0.07476635514018691,0,1,Baseus Bowie MA10,Electronics,0,-0.09361163987214383
amazon_61682bcbfb00efbe,baseus_bowie_ma10,Baseus,Bowie MA10,Amazon,Amazon US,B0C89QQ5XK,https://www.amazon.com/dp/B0C89QQ5XK,"Battery life is great, sound is solid, and the noise cancelling seems to work great. I can barely hear things around me when wearing. It was a bit shocking at first because things were so quiet around me. Still getting used to that feature. One negative for some might be the size and weight of the charging case -it is heavy compared to other brands, and larger for sure. Does not bother me, but might some people. Still a great bargain considering the price point.",Very noise cancelling and a bargain,5.0,2023-12-19,United States,True,1.0,en,public_woot_review_endpoint,https://www.woot.com/review/Reviews/B0C89QQ5XK,English written five-star reviews selected from top-ranked and recent endpoint pools.,Reviewer name and media URLs were not retained.,466,85,0,0,0,0.01891891891891892,3,0,0.03529411764705882,0,1,Baseus Bowie MA10,Electronics,0,-1.7038357925065726
amazon_6246c472de444284,baseus_bowie_ma10,Baseus,Bowie MA10,Amazon,Amazon US,B0C89QQ5XK,https://www.amazon.com/dp/B0C89QQ5XK,They sounded amazing deep bass high treble impressed!!! 5 stars,Wow!!!,5.0,2025-08-31,United States,False,0.0,en,public_woot_review_endpoint,https://www.woot.com/review/Reviews/B0C89QQ5XK,English written five-star reviews selected from top-ranked and recent endpoint pools.,Reviewer name and media URLs were not retained.,63,10,3,0,1,0.02,1,0,0.1,0,1,Baseus Bowie MA10,Electronics,0,-0.9804626885684142
amazon_637b8acaadb58df1,baseus_bowie_ma10,Baseus,Bowie MA10,Amazon,Amazon US,B0C89QQ5XK,https://www.amazon.com/dp/B0C89QQ5XK,"This product comes with a handful of devices you can use to customize the fit, which was a pleasant surprise. The range is good, and the sound quality is decent. There was an issue with the first set, which was resolved quickly.","Love these! Comfortable, good range, good sound.",5.0,2024-11-13,United States,True,1.0,en,public_woot_review_endpoint,https://www.woot.com/review/Reviews/B0C89QQ5XK,English written five-star reviews selected from top-ranked and recent endpoint pools.,Reviewer name and media URLs were not retained.,228,42,0,0,0,0.016574585635359115,2,0,0.047619047619047616,0,1,Baseus Bowie MA10,Electronics,0,-1.42927363290935
amazon_64685e26df7ae4aa,baseus_bowie_ma10,Baseus,Bowie MA10,Amazon,Amazon US,B0C89QQ5XK,https://www.amazon.com/dp/B0C89QQ5XK,"After using these daily for a couple years, I have to say they are the best buds I’ve ever had. For metal music, shooting sports, writing on things and lawn care… hands down the best. Great tone quality and noise cancelling. I love em. Wish they would make more of these. Not sure how to upgrade them. They’re the best all around ear buds I’ve ever owned.",Simply the best,5.0,2026-04-28,United States,True,0.0,en,public_woot_review_endpoint,https://www.woot.com/review/Reviews/B0C89QQ5XK,English written five-star reviews selected from top-ranked and recent endpoint pools.,Reviewer name and media URLs were not retained.,355,70,0,0,0,0.03636363636363636,6,0,0.08571428571428572,0,1,Baseus Bowie MA10,Electronics,0,-0.32573602643028643
amazon_68a698ad7b0e1509,baseus_bowie_ma10,Baseus,Bowie MA10,Amazon,Amazon US,B0C89QQ5XK,https://www.amazon.com/dp/B0C89QQ5XK,"Sound is excellent and the noise cancelling works well. Used them out in my woodshop. Very comfortable to wear. Great product at a very good price. I used a security strap meant for the Samsung Galaxy Buds which are very close in size & shape. I don't know why Baseus doesn't have a matching strap. Regardless, these are a very good deal.",Very Pleased with these earbuds,5.0,2023-12-25,United States,True,1.0,en,public_woot_review_endpoint,https://www.woot.com/review/Reviews/B0C89QQ5XK,English written five-star reviews selected from top-ranked and recent endpoint pools.,Reviewer name and media URLs were not retained.,338,63,0,0,0,0.041353383458646614,5,0,0.07936507936507936,0,1,Baseus Bowie MA10,Electronics,0,-0.5972748313656822
amazon_6a993853242de399,baseus_bowie_ma10,Baseus,Bowie MA10,Amazon,Amazon US,B0C89QQ5XK,https://www.amazon.com/dp/B0C89QQ5XK,"I have never given anything 5 stars in every aspect. But these earbuds have earned a 5 star rating! They last for days, and possibly even weeks without needing charged. They have awesome sound cancellation and they get pretty loud. Loud enough to block the sound of a weed eater or lawn mower (and your boss). I just wish they were available in colors other than black, neon green, yellow, pink, blue, or even white so they were easier to find when you drop one in dim lighted areas.",5 stars across the board!,5.0,2024-05-17,United States,True,0.0,en,public_woot_review_endpoint,https://www.woot.com/review/Reviews/B0C89QQ5XK,English written five-star reviews selected from top-ranked and recent endpoint pools.,Reviewer name and media URLs were not retained.,483,89,1,0,2,0.0158311345646438,1,0,0.011235955056179775,0,1,Baseus Bowie MA10,Electronics,0,-2.046065515758069
amazon_6c9cfabf81b629fc,baseus_bowie_ma10,Baseus,Bowie MA10,Amazon,Amazon US,B0C89QQ5XK,https://www.amazon.com/dp/B0C89QQ5XK,Got on sale for me for $23 just because I’ve had this brand before $80 pair and these are incredibly better! I use one at a time at night to help me sleep while listening to monotone Audiobooks 😄 since my husband snores like crazy but my 15 yr old took them away customized it like one of the reviews and said they are better than his AirPods (older ones) so I need a new pair of these 👍🏼👍🏼 while 2 other sets sit out on the table 😄,Awesome,5.0,2023-12-10,United States,True,2.0,en,public_woot_review_endpoint,https://www.woot.com/review/Reviews/B0C89QQ5XK,English written five-star reviews selected from top-ranked and recent endpoint pools.,Reviewer name and media URLs were not retained.,432,87,1,0,7,0.021538461538461538,0,0,0.0,0,1,Baseus Bowie MA10,Electronics,0,-1.7307553286408734
amazon_6d2a1185a56c7cc7,baseus_bowie_ma10,Baseus,Bowie MA10,Amazon,Amazon US,B0C89QQ5XK,https://www.amazon.com/dp/B0C89QQ5XK,"I have now had these earbuds for a year. They have easily exceeded my expectations for sound quality. They are comfortable and stay securely in my ears, even on my bicycle. I have spoken highly of them and my adult son recently purchased a set based on my recommendation. If I were to lose them, I'd buy another set right away.",High Quality AND Inexpensive,5.0,2024-11-18,United States,True,1.0,en,public_woot_review_endpoint,https://www.woot.com/review/Reviews/B0C89QQ5XK,English written five-star reviews selected from top-ranked and recent endpoint pools.,Reviewer name and media URLs were not retained.,327,62,0,0,0,0.02702702702702703,2,0,0.03225806451612903,0,1,Baseus Bowie MA10,Electronics,0,-1.6705634613219589
amazon_6e11b827400acc12,baseus_bowie_ma10,Baseus,Bowie MA10,Amazon,Amazon US,B0C89QQ5XK,https://www.amazon.com/dp/B0C89QQ5XK,"I was looking to replace my skullcandy earbuds, and when I found these for pretty much the same price, plus ANC mode... DUDE! My only regret is not finding them sooner. Call quality is super clear, and with the equalizer in the product app, music becomes concert quality instantly. They're also VERY secure in the ear, once you find the best adapters (included). 10/10 definitely recommend!",Value Beyond Words!,5.0,2024-01-14,United States,True,1.0,en,public_woot_review_endpoint,https://www.woot.com/review/Reviews/B0C89QQ5XK,English written five-star reviews selected from top-ranked and recent endpoint pools.,Reviewer name and media URLs were not retained.,390,68,2,0,4,0.05263157894736842,4,0,0.058823529411764705,0,1,Baseus Bowie MA10,Electronics,0,-0.7417964579726619
amazon_7b439982d2da2260,baseus_bowie_ma10,Baseus,Bowie MA10,Amazon,Amazon US,B0C89QQ5XK,https://www.amazon.com/dp/B0C89QQ5XK,"For the price I was expecting something worse but VERY pleased with it. It has multiple features that are useful such as the diffrent modes you can switch to. I would recommend getting the app to customize your gesture settings, can change then to be more comets for you, and you can use the app to make your earbuds emit a loud noise to find find them. Very neat!",Incredible,5.0,2024-01-04,United States,True,1.0,en,public_woot_review_endpoint,https://www.woot.com/review/Reviews/B0C89QQ5XK,English written five-star reviews selected from top-ranked and recent endpoint pools.,Reviewer name and media URLs were not retained.,364,69,1,0,0,0.03103448275862069,2,0,0.028985507246376812,0,1,Baseus Bowie MA10,Electronics,0,-1.0245461074399762
amazon_7bde35e080baa9d2,baseus_bowie_ma10,Baseus,Bowie MA10,Amazon,Amazon US,B0C89QQ5XK,https://www.amazon.com/dp/B0C89QQ5XK,Bought the pair on sale and great value for the money. Customer service is top notch.,Bassy. Overall good value.,5.0,2025-06-13,United States,False,0.0,en,public_woot_review_endpoint,https://www.woot.com/review/Reviews/B0C89QQ5XK,English written five-star reviews selected from top-ranked and recent endpoint pools.,Reviewer name and media URLs were not retained.,85,16,0,0,0,0.029411764705882353,1,0,0.0625,0,1,Baseus Bowie MA10,Electronics,1,0.36049286032589967
amazon_7d9e21e72c5397f8,baseus_bowie_ma10,Baseus,Bowie MA10,Amazon,Amazon US,B0C89QQ5XK,https://www.amazon.com/dp/B0C89QQ5XK,"Purchased for my husband, and he loves them.",Great Buy Became a Great Gift,5.0,2025-06-14,United States,False,0.0,en,public_woot_review_endpoint,https://www.woot.com/review/Reviews/B0C89QQ5XK,English written five-star reviews selected from top-ranked and recent endpoint pools.,Reviewer name and media URLs were not retained.,44,8,0,0,0,0.02857142857142857,0,0,0.0,0,1,Baseus Bowie MA10,Electronics,1,0.4640256568501482
amazon_7e2ffe088a7b5aed,baseus_bowie_ma10,Baseus,Bowie MA10,Amazon,Amazon US,B0C89QQ5XK,https://www.amazon.com/dp/B0C89QQ5XK,"I bought these on black Friday. I use them several hours a day at work, and at night. I still haven't had to recharge the pack. It's pretty awesome. The noise canceling is there, it's something. I didn't even realize it had it. Until I put them in, and you can feel the difference. I've bought several of these different headphones on Hamazon. These are by far the best.",These are a steal,5.0,2023-12-28,United States,True,1.0,en,public_woot_review_endpoint,https://www.woot.com/review/Reviews/B0C89QQ5XK,English written five-star reviews selected from top-ranked and recent endpoint pools.,Reviewer name and media URLs were not retained.,370,74,0,0,0,0.042105263157894736,2,0,0.02702702702702703,0,1,Baseus Bowie MA10,Electronics,0,-1.6734364560851476
amazon_7f0621fef5a8b114,baseus_bowie_ma10,Baseus,Bowie MA10,Amazon,Amazon US,B0C89QQ5XK,https://www.amazon.com/dp/B0C89QQ5XK,"I hardly ever have to charge them. It lasts forever. Sound is excellent and fit is perfect. The set up wasn’t as easy as I hoped but I called the number they give you and the guy was super great and helped me set them up. I like that they automatically switch back and forth between my iPhone and iPad. This is my first pair and I hope they last a long time. If not, I’ll buy them again because the price is right.",These ear pods are great.,5.0,2024-02-02,United States,True,1.0,en,public_woot_review_endpoint,https://www.woot.com/review/Reviews/B0C89QQ5XK,English written five-star reviews selected from top-ranked and recent endpoint pools.,Reviewer name and media URLs were not retained.,414,86,0,0,0,0.040498442367601244,4,0,0.046511627906976744,0,1,Baseus Bowie MA10,Electronics,0,-1.3146078138410024
amazon_7fb9d0215deaa181,baseus_bowie_ma10,Baseus,Bowie MA10,Amazon,Amazon US,B0C89QQ5XK,https://www.amazon.com/dp/B0C89QQ5XK,"I have multiple Beats products and I tried these pair for low profile use while driving. The crisp, clear, stereo sound was just amazing! The Baseus app equalizer function and options to personalize the tap, hold or double tap function for each ear bud made the experience so much better. For the price I got including the discount during the holiday sale, I will definitely recommend this. I can’t wait to try their headphones with spatial audio function.",Best Quality Earbuds—better than Beats,5.0,2023-12-09,United States,True,2.0,en,public_woot_review_endpoint,https://www.woot.com/review/Reviews/B0C89QQ5XK,English written five-star reviews selected from top-ranked and recent endpoint pools.,Reviewer name and media URLs were not retained.,456,79,1,0,0,0.02710027100271003,2,0,0.02531645569620253,0,1,Baseus Bowie MA10,Electronics,0,-2.2766220456504542
amazon_84793d7f4f6bd355,baseus_bowie_ma10,Baseus,Bowie MA10,Amazon,Amazon US,B0C89QQ5XK,https://www.amazon.com/dp/B0C89QQ5XK,"I bought these as a gift for my wife. She has never had a pair of wireless ear buds and frequents a gym that plays music not to her liking. Also, I run a very loud CNC machine in our basement right under her recliner! The noise is terrible. These earbuds made me a hero. On her first visit to the gym she reports that they stayed in her ears with no problem at all. She is really enjoying building her play list and I am really enjoying running my woodworking machines without driving her out of the house.",perfect!,5.0,2024-01-19,United States,True,0.0,en,public_woot_review_endpoint,https://www.woot.com/review/Reviews/B0C89QQ5XK,English written five-star reviews selected from top-ranked and recent endpoint pools.,Reviewer name and media URLs were not retained.,506,99,1,0,0,0.03,0,1,-0.010101010101010102,0,1,Baseus Bowie MA10,Electronics,0,-0.8930070837810078
amazon_86204ca0556cd1b5,baseus_bowie_ma10,Baseus,Bowie MA10,Amazon,Amazon US,B0C89QQ5XK,https://www.amazon.com/dp/B0C89QQ5XK,These are great earbuds that live up to the product description. This is the second pair I've purchased for my husband who doesn't like dealing with the setup to switch his earbuds from one device to another. We have our original purchase almost a year and have had no issues with them. They charge quickly and the earbuds last at least eight hours of listening each (they can be used one at a time) and the charging case needs to charge around once a week. Well worth the money. Enjoy!,Long battery life,5.0,2024-11-11,United States,True,0.0,en,public_woot_review_endpoint,https://www.woot.com/review/Reviews/B0C89QQ5XK,English written five-star reviews selected from top-ranked and recent endpoint pools.,Reviewer name and media URLs were not retained.,486,92,1,0,0,0.01808785529715762,1,0,0.010869565217391304,0,1,Baseus Bowie MA10,Electronics,0,-0.8740459278508508
amazon_8a81b15fc5147484,baseus_bowie_ma10,Baseus,Bowie MA10,Amazon,Amazon US,B0C89QQ5XK,https://www.amazon.com/dp/B0C89QQ5XK,Loved these earbuds and how versatile the software was but I lost them almost a year ago. I left them at work and they got stolen. The case was a little bulky but the slim version of these was a good upgrade.,Great quality for the price,5.0,2025-05-03,United States,True,0.0,en,public_woot_review_endpoint,https://www.woot.com/review/Reviews/B0C89QQ5XK,English written five-star reviews selected from top-ranked and recent endpoint pools.,Reviewer name and media URLs were not retained.,208,42,0,0,0,0.024390243902439025,1,0,0.023809523809523808,0,1,Baseus Bowie MA10,Electronics,0,-0.9050389398719481
amazon_8a9c1b9a6448b181,baseus_bowie_ma10,Baseus,Bowie MA10,Amazon,Amazon US,B0C89QQ5XK,https://www.amazon.com/dp/B0C89QQ5XK,"I have quite a few pairs of earbuds and these are great. I don't think I would give 5 stars to these if I had paid $100 or more and don't think they can really be compared to super premium models, but they are certainly excellent for the price. I didn't find the noise cancelling to be anywhere near the leaders in the field, but I was able to get a great fit that helped with noise isolation--better even than some of my nicer earbuds. And I especially think it is worth mentioning that these have been going strong a couple years after purchase. Granted, they are not my daily drivers and I don't use them for all day sessions, for example, but I do appreciate that the quality of the battery and materials is there for them not to become junk after a year, which is unfortunately the case for many, many similar products, even some costing 2 to 3 times what these go for. The app is pretty good too. I definitely will keep Baseus on my list of good brands, hoping they don't slip into mediocrity like some brands do after making it.",Great buds for the price. Noise Cancelling is somewhat mixed but they have held up over time,5.0,2026-06-19,United States,True,0.0,en,public_woot_review_endpoint,https://www.woot.com/review/Reviews/B0C89QQ5XK,English written five-star reviews selected from top-ranked and recent endpoint pools.,Reviewer name and media URLs were not retained.,1035,202,0,0,6,0.01728395061728395,6,0,0.0297029702970297,0,1,Baseus Bowie MA10,Electronics,0,-2.0522745634258706
amazon_8b8d54e246f9a4a3,baseus_bowie_ma10,Baseus,Bowie MA10,Amazon,Amazon US,B0C89QQ5XK,https://www.amazon.com/dp/B0C89QQ5XK,"My teenager needed headphones that can cancel the noise around her when she’s anxious. Not exactly known for being responsible, I didn’t feel comfortable shelling out big bucks for headphones but she found these and we ordered. They are comfortable and really work well. As we suspected, she lost one of them but because they were so reasonably priced we were able to buy her another pair (and I grabbed a set for myself as well!). They hold a charge for a long time too. I would highly recommend these to anyone.",Fantastic value!,5.0,2024-11-29,United States,True,0.0,en,public_woot_review_endpoint,https://www.woot.com/review/Reviews/B0C89QQ5XK,English written five-star reviews selected from top-ranked and recent endpoint pools.,Reviewer name and media URLs were not retained.,513,94,1,0,0,0.019559902200488997,3,0,0.031914893617021274,0,1,Baseus Bowie MA10,Electronics,0,-1.072947269812056
amazon_8dc4ab6e05fd8e49,baseus_bowie_ma10,Baseus,Bowie MA10,Amazon,Amazon US,B0C89QQ5XK,https://www.amazon.com/dp/B0C89QQ5XK,"I keep one set in my office, and one in the shop. The noise cancelling works really a lot better than I expected, but also know that choosing the right tips makes a difference. They can be quite loud depending on the system they are hooked to, and the bass is pretty good. I am NOT and audiophile, I just like my music while I work. They seem clean, and clear, without a lot of tinny highs or muddy lows. Range paired with the transmitter I have is fantastic. Battery life lasts an entire work day, and I probably plug in the case once a week, once every other? Honestly some days I wear them in the shop purely for the noise cancelling with nothing playing. For my ears, they are comfortable, and don't sit weird against my inner ear like a lot of harder shaped earbuds...like say, a fruity brand....",I have 2 of these!,5.0,2024-12-08,United States,True,3.0,en,public_woot_review_endpoint,https://www.woot.com/review/Reviews/B0C89QQ5XK,English written five-star reviews selected from top-ranked and recent endpoint pools.,Reviewer name and media URLs were not retained.,801,153,0,1,0,0.028846153846153848,2,0,0.013071895424836602,0,1,Baseus Bowie MA10,Electronics,0,-2.465780181631461
amazon_8e51fcb81f299db5,baseus_bowie_ma10,Baseus,Bowie MA10,Amazon,Amazon US,B0C89QQ5XK,https://www.amazon.com/dp/B0C89QQ5XK,Good design. Comfortable. Great value for the money.,Comfortable,5.0,2025-07-27,United States,False,0.0,en,public_woot_review_endpoint,https://www.woot.com/review/Reviews/B0C89QQ5XK,English written five-star reviews selected from top-ranked and recent endpoint pools.,Reviewer name and media URLs were not retained.,52,8,0,0,0,0.07142857142857142,3,0,0.375,0,1,Baseus Bowie MA10,Electronics,1,0.9153914569917403
amazon_905e109874d77e97,baseus_bowie_ma10,Baseus,Bowie MA10,Amazon,Amazon US,B0C89QQ5XK,https://www.amazon.com/dp/B0C89QQ5XK,I tend to buy cheap earbuds when I see that they're positively reviewed by CNET. They're not always great but you take your chances. I took a chance on these and they've become my favorites. I know some people have issues with the size of the case but that hasn't been a problem for me. I usually only use one at a time so I can hear what's going on around me and that makes the charge last twice as long with any earbuds I use. But these last much much longer before having to recharge. I'm not an audiophile by any means but I find that the sound is pretty good when wearing both.,My favorites,5.0,2024-04-28,United States,True,0.0,en,public_woot_review_endpoint,https://www.woot.com/review/Reviews/B0C89QQ5XK,English written five-star reviews selected from top-ranked and recent endpoint pools.,Reviewer name and media URLs were not retained.,582,121,0,0,0,0.03296703296703297,2,1,0.008264462809917356,0,1,Baseus Bowie MA10,Electronics,0,-1.732366400886625
amazon_917b6c35a9217842,baseus_bowie_ma10,Baseus,Bowie MA10,Amazon,Amazon US,B0C89QQ5XK,https://www.amazon.com/dp/B0C89QQ5XK,I couldn’t find one and thought I’d left it in another state. When I washed and dried my cloths I found it in the dryer… I put it in the case over night and the next day it hooked right up and played music like nothing had happened. I’m very impressed. I usually only use them 1-2 hours a day and I dont think I had to charge the case for weeks.,I washed & dried one and it still works.,5.0,2024-03-03,United States,True,0.0,en,public_woot_review_endpoint,https://www.woot.com/review/Reviews/B0C89QQ5XK,English written five-star reviews selected from top-ranked and recent endpoint pools.,Reviewer name and media URLs were not retained.,345,76,0,0,2,0.03802281368821293,0,0,0.0,0,1,Baseus Bowie MA10,Electronics,0,-2.1228179483274667
amazon_94ee7e53229d98eb,baseus_bowie_ma10,Baseus,Bowie MA10,Amazon,Amazon US,B0C89QQ5XK,https://www.amazon.com/dp/B0C89QQ5XK,"I didn't expect much from $30 earbuds, I thought the reviews might be exaggerating. But these sound and function like they should cost a lot more. The range is great, in an open area it easily stays connected for longer than the 30ft reported. I don't mind, but the case is bulky just fyi. The battery is insane, in the 6months I've had it, I've only needed to charge the case 2x.",Great value,5.0,2024-02-09,United States,True,0.0,en,public_woot_review_endpoint,https://www.woot.com/review/Reviews/B0C89QQ5XK,English written five-star reviews selected from top-ranked and recent endpoint pools.,Reviewer name and media URLs were not retained.,380,76,0,0,6,0.027777777777777776,1,0,0.013157894736842105,0,1,Baseus Bowie MA10,Electronics,0,-1.4943561081629522
amazon_967d2081dd476b70,baseus_bowie_ma10,Baseus,Bowie MA10,Amazon,Amazon US,B0C89QQ5XK,https://www.amazon.com/dp/B0C89QQ5XK,"Unlike other buds I have tried, these have paired with each item I have wanted them to pair with. The sound quality has been great. I have questions about some of the MP3 music, but I am assuming it is the MP3 player itself. I will post an update as I get more information. So far, I would recommend this product for anyone. It has been simple and reliable to use.",Very happy so far.,5.0,2023-12-09,United States,True,2.0,en,public_woot_review_endpoint,https://www.woot.com/review/Reviews/B0C89QQ5XK,English written five-star reviews selected from top-ranked and recent endpoint pools.,Reviewer name and media URLs were not retained.,364,71,0,0,2,0.053003533568904596,3,0,0.04225352112676056,0,1,Baseus Bowie MA10,Electronics,0,-0.3385522604886432
amazon_98c8cde69ba65c36,baseus_bowie_ma10,Baseus,Bowie MA10,Amazon,Amazon US,B0C89QQ5XK,https://www.amazon.com/dp/B0C89QQ5XK,"These are hands-down the best earbuds on Amazon right now. Out of the box, they sound pretty weak, but when you use them with the Baseus app and customize the EQ, they sound phenomenal. I was legitimately surprised after I tweaked the EQ. Amazing. Also, with the app, you can manually adjust the noise cancelation, which I've never seen on an app before (except Soundcore but at a much higher price point). You can also control the control gestures which is nice. The extra ear tips surpass the quality of even the best after-market ear tips. Finally, the interchangeable wing-tips are a game changer. Every manufacturer should provide different size wing-tips so us users can find the best fit to lock the earbuds into our ears. I can wear these for hours with zero ear fatigue. Do yourself a favor and ditch the AirPods, Galaxy Buds, and Pixel Buds and grab a pair of these. You won't regret it.",Best earbuds of 2023,5.0,2023-12-12,United States,True,1.0,en,public_woot_review_endpoint,https://www.woot.com/review/Reviews/B0C89QQ5XK,English written five-star reviews selected from top-ranked and recent endpoint pools.,Reviewer name and media URLs were not retained.,897,165,0,0,0,0.038028169014084505,6,1,0.030303030303030304,0,1,Baseus Bowie MA10,Electronics,0,-1.8891079369108659
amazon_99771933f9044899,baseus_bowie_ma10,Baseus,Bowie MA10,Amazon,Amazon US,B0C89QQ5XK,https://www.amazon.com/dp/B0C89QQ5XK,"Nice value for around $25.00 or less on sale - i have paired up with 3 apple devices easily/successfully - i have noticed that i need to disconnect from paired devices to ensure active connection to the device i want to use with the earbuds Good sound quality - I use for workouts - fits and holds well in my ear, charge lasts me daily use of 60 minutes 5-days a week, can go for 30-45+ days before needing to charge - nice controls - recommended","nice value @ $25.00 or less on sale - good sound, good fit, great battery life",5.0,2025-11-20,United States,True,0.0,en,public_woot_review_endpoint,https://www.woot.com/review/Reviews/B0C89QQ5XK,English written five-star reviews selected from top-ranked and recent endpoint pools.,Reviewer name and media URLs were not retained.,446,84,0,0,12,0.008955223880597015,4,0,0.047619047619047616,0,1,Baseus Bowie MA10,Electronics,0,-1.8524866354307905
amazon_9ac03d07d41311b3,baseus_bowie_ma10,Baseus,Bowie MA10,Amazon,Amazon US,B0C89QQ5XK,https://www.amazon.com/dp/B0C89QQ5XK,"Great sound quality. Excellent fit in my ears and comfortable to wear for hours on end. Used them at home, outside and on planes. Could probably used as earplugs for people in loud environments. Best of all is the battery life. Have easily gotten 8 hours of use without recharging in case. Case quickly recharges ear buds and holds an amazing charge itself. I cannot remember ever having the case going so low as to not fully recharge the ear buds even after multiple uses. My most common complaint with other company's ear buds is the play time, these are far superior than every other ear buds I have tried in relation to the price.",Exceptional earbuds at such a low price point.,5.0,2025-05-17,United States,False,0.0,en,public_woot_review_endpoint,https://www.woot.com/review/Reviews/B0C89QQ5XK,English written five-star reviews selected from top-ranked and recent endpoint pools.,Reviewer name and media URLs were not retained.,634,116,0,0,1,0.01972386587771203,6,0,0.05172413793103448,0,1,Baseus Bowie MA10,Electronics,0,-1.519526569312443
amazon_9b8b0ff2ae52efae,baseus_bowie_ma10,Baseus,Bowie MA10,Amazon,Amazon US,B0C89QQ5XK,https://www.amazon.com/dp/B0C89QQ5XK,"You won't find better true wireless earbuds for this price I promise you. These earbuds rival top tier earbuds. I have owned the best of the best, from Sennheiser to Sony XM4's, both 150+ dollar earbuds, and these have sound and noise canceling that is just as good, if not better when you customize the EQ with the app. The only downside if there is any is the case it comes it, because it is pretty bulky if you ever Cary them in your pocket, but for the price these are, pshhh that ain't nothing.",Unbelievable,5.0,2024-02-26,United States,True,0.0,en,public_woot_review_endpoint,https://www.woot.com/review/Reviews/B0C89QQ5XK,English written five-star reviews selected from top-ranked and recent endpoint pools.,Reviewer name and media URLs were not retained.,499,98,0,0,4,0.031088082901554404,3,0,0.030612244897959183,0,1,Baseus Bowie MA10,Electronics,0,-0.7179198083021481
amazon_9e0069cb749c4537,baseus_bowie_ma10,Baseus,Bowie MA10,Amazon,Amazon US,B0C89QQ5XK,https://www.amazon.com/dp/B0C89QQ5XK,"Bought these off another sites recommendation for my wife. Was genuinely surprised at the sound quality and battery life for a “no name” earbud. Wife has smaller ear canals and many earbuds cause her discomfort, these fit well, sounded great and lasted quite a while on a single charge,",Great!,5.0,2025-01-07,United States,True,0.0,en,public_woot_review_endpoint,https://www.woot.com/review/Reviews/B0C89QQ5XK,English written five-star reviews selected from top-ranked and recent endpoint pools.,Reviewer name and media URLs were not retained.,286,49,0,0,0,0.012987012987012988,2,0,0.04081632653061224,0,1,Baseus Bowie MA10,Electronics,0,-1.6253040707586361
amazon_9f0d73740727cad0,baseus_bowie_ma10,Baseus,Bowie MA10,Amazon,Amazon US,B0C89QQ5XK,https://www.amazon.com/dp/B0C89QQ5XK,"I’ve had these headphones for about a year and a half and I cannot recommend them enough! I work 10 hour shifts in a factory on third shift and like to listen to my podcasts while I'm working. These headphones stay charged for the entirety of my shift without dying, and with the charging case I can use them for my shifts for up to 2+ weeks without charging the case. The noise cancelling works extremely well and I like that with the baseus Bowie app you can choose which noise cancelling mode you want. They are easy to pair with my phone and I'll be repurchasing them if anything ever does happen to them!",Great bang for your buck!,5.0,2025-03-27,United States,True,2.0,en,public_woot_review_endpoint,https://www.woot.com/review/Reviews/B0C89QQ5XK,English written five-star reviews selected from top-ranked and recent endpoint pools.,Reviewer name and media URLs were not retained.,609,118,2,0,3,0.022821576763485476,2,0,0.01694915254237288,0,1,Baseus Bowie MA10,Electronics,0,-1.349565240762956
amazon_a2f0d8c2e34465e6,baseus_bowie_ma10,Baseus,Bowie MA10,Amazon,Amazon US,B0C89QQ5XK,https://www.amazon.com/dp/B0C89QQ5XK,"Very capable and comfortable. Pros: - Sound: Very clear sounding with very strong base. Perhaps too much base at loud listening levels. Absolutely perfect level for low and normal listening volumes. - Fit: Has 3 tip sizes and 3 ""wing"" types. I was able to make a really good secure fit. - Battery: Haven't found a limit for how I use them. They appear to be still almost full after a couple hours use. - BT: Such a great connection. 100% connection with phone in pocket. Most other sets i've tried have problems when my phone is in my pocket. Multi-point BT connection is great. Can be paired with two devices will play from either. Be sure to silence the ""other"" device to avoid auto pausing on the playing device. Con: - ANC & transparent modes.: The ANC mode works well enough. The transparent mode is not great but works well enough to have a quick conversation without having to remove the ear buds. I might rate these 4-stars against the really expensive premium sets. Rated against other $20-$30 earbuds they definitely get 5-stars.",A really nice set that works well and fits comfortably,5.0,2023-11-25,United States,True,30.0,en,public_woot_review_endpoint,https://www.woot.com/review/Reviews/B0C89QQ5XK,English written five-star reviews selected from top-ranked and recent endpoint pools.,Reviewer name and media URLs were not retained.,1039,184,0,0,11,0.04125,6,0,0.03260869565217391,0,1,Baseus Bowie MA10,Electronics,0,-2.680522462945532
amazon_a7b3f2b810eb6421,baseus_bowie_ma10,Baseus,Bowie MA10,Amazon,Amazon US,B0C89QQ5XK,https://www.amazon.com/dp/B0C89QQ5XK,"Surprisingly awesome. My expensive JBL noise canceling earbuds went in for a repair and while they were in I bought these at half the price for a trip. These things are awesome. They don't fall out of your ear, they fit snug right in even while you eat or talk. They are not too heavy on the outer part pulling them out. The noise canceling works very well in a loud airplane. You are still going to hear the white noise of the engine but it is severely diminished and you can actually hear voices and high pitched frequencies very well in the earbuds while playing your music The bass and sound quality is awesome I can hear the thump and feel the Deep tones that I can't on my cheaper jlab or even more expensive JBL earbuds. The tight fit and awesome feel trap the sound in your ear. Cons: The battery base is huge and heavy. It's a brick. It will likely recharge them many times but it's so heavy it's difficult to put in your pocket to run with or walk with or carry around. A smaller lighter more sports like base would have been better. How many times do you possibly need to recharge your earbuds before you plug in the whole system to a wall. I don't need something with a battery that can go weeks without me being by civilization. The software is minimal. It does let you change the noise canceling settings and a few things for your earbuds but is not as involved or detailed as other manufacturers on how to customize what the earbuds do.",Excellent value Awesome bass,5.0,2024-02-26,United States,True,6.0,en,public_woot_review_endpoint,https://www.woot.com/review/Reviews/B0C89QQ5XK,English written five-star reviews selected from top-ranked and recent endpoint pools.,Reviewer name and media URLs were not retained.,1451,280,0,0,0,0.024263431542461005,5,0,0.017857142857142856,0,1,Baseus Bowie MA10,Electronics,0,-2.6303385986686165
amazon_a7e4b800fb7c5965,baseus_bowie_ma10,Baseus,Bowie MA10,Amazon,Amazon US,B0C89QQ5XK,https://www.amazon.com/dp/B0C89QQ5XK,"These wireless earbuds really surprised me in sound quality, fit and ease of use. You can pair with multiple devices and use them separately instead of having to unpair every time you want to use a different device like other similar earbuds. The case is a bit heavy but the battery life is long. I have not used it more than 5 hours but it seemed to have enough batteries to last much longer.",Awesome Wireless Earbuds for the price,5.0,2024-02-20,United States,True,0.0,en,public_woot_review_endpoint,https://www.woot.com/review/Reviews/B0C89QQ5XK,English written five-star reviews selected from top-ranked and recent endpoint pools.,Reviewer name and media URLs were not retained.,393,74,0,0,1,0.012738853503184714,1,0,0.013513513513513514,0,1,Baseus Bowie MA10,Electronics,0,-1.0722803986679548
amazon_aa23b76119aabea1,baseus_bowie_ma10,Baseus,Bowie MA10,Amazon,Amazon US,B0C89QQ5XK,https://www.amazon.com/dp/B0C89QQ5XK,"I've owned a couple pairs of Bluetooth earbuds over the years. Purchased all of them on Amazon. All were in the same price range as these. All were utter garbage. Most were so short they didn't go into my ear canal and I'd have no bass. These are amazing. They do everything the others couldn't. I'm planning on ordering another pair right after I finish writing this review. The sound quality is amazing and they fit snug. Noise cancelation works great. Yeah, pretty happy with this purchase.",Absolutely blown away,5.0,2023-11-09,United States,True,3.0,en,public_woot_review_endpoint,https://www.woot.com/review/Reviews/B0C89QQ5XK,English written five-star reviews selected from top-ranked and recent endpoint pools.,Reviewer name and media URLs were not retained.,493,92,0,0,0,0.038461538461538464,5,0,0.05434782608695652,0,1,Baseus Bowie MA10,Electronics,0,-0.7797422083544734
amazon_aea008353c43cfd6,baseus_bowie_ma10,Baseus,Bowie MA10,Amazon,Amazon US,B0C89QQ5XK,https://www.amazon.com/dp/B0C89QQ5XK,This ear phones have lasted me for over a year now. Definitely will look at more baseus products in the future.,Good ear phones,5.0,2025-10-04,United States,False,0.0,en,public_woot_review_endpoint,https://www.woot.com/review/Reviews/B0C89QQ5XK,English written five-star reviews selected from top-ranked and recent endpoint pools.,Reviewer name and media URLs were not retained.,111,21,0,0,0,0.02247191011235955,0,0,0.0,0,1,Baseus Bowie MA10,Electronics,0,-1.1546038375521737
amazon_af5c02b386c6ce70,baseus_bowie_ma10,Baseus,Bowie MA10,Amazon,Amazon US,B0C89QQ5XK,https://www.amazon.com/dp/B0C89QQ5XK,"I originally got the Galaxy Buds pro to go with my Galaxy Laptop, tablet, Phone & watch (see a theme here). But wasn't happy with the sound quality or bass. I kept shopping around and checking various earbud review sites (Tom's guide, CNet, Wired) and was leaning towards the Sony's but kept coming across the Baseus Bowie MA10's as the best budget earbuds. I'd never heard of Baseus, so I really didn't give them a second thought. If I was gonna go cheap, I'd probably go with Anker/Soundcore since I'm a fan of their charging stuff. Then prime days happened. Right on my homepage front & center were the Baseus Bowie MA10 earbuds I kept seeing on all the review sites, on sale for 50% off. So I thought ""what the heck. I can waste $20 to see if these are as good as they say"". So I bought them. The day after I got them, I bought a 2nd pair. The sound quality is amazing straight out of the box, and didn't even have to download the app. I love the bass and immersive sound. They are super easy to pair, you just open the case, it shows up in the list, and boom, done. Super fast charging, I charged them for an hour, and was able to use them all night. They are also super comfortable and they fit perfectly in my ears, which isn't easy. The Galaxy Buds hurt my ears after an hour. If you want the quality of Bose or Sony on a budget, GET THESE. You won't regret it. Not only are these a great value, but these are definitely the best Earbuds I've ever owned, and can't believe I only paid $20.",Better than the Galaxy Buds,5.0,2024-10-13,United States,True,24.0,en,public_woot_review_endpoint,https://www.woot.com/review/Reviews/B0C89QQ5XK,English written five-star reviews selected from top-ranked and recent endpoint pools.,Reviewer name and media URLs were not retained.,1497,301,0,0,11,0.0582010582010582,14,2,0.03986710963455149,0,1,Baseus Bowie MA10,Electronics,0,-0.9045686551823877
amazon_b72ac535d65e9e5a,baseus_bowie_ma10,Baseus,Bowie MA10,Amazon,Amazon US,B0C89QQ5XK,https://www.amazon.com/dp/B0C89QQ5XK,"I bought these to get better audio while riding my bike. If you can fit your helmet on with these on...let me tell you the ANC works PERFECTLY. I ride a built, straight piped zx6r and can hear my music crystal clear and the engine, wind, and ambient sounds like a whisper in the background. That being said the audio quality is stellar for 20 dollars earbuds, the only ear buds I have that destroy these are my high end models (bose, Samsung Galaxy pros)",Motorcycle riding,5.0,2023-11-10,United States,True,2.0,en,public_woot_review_endpoint,https://www.woot.com/review/Reviews/B0C89QQ5XK,English written five-star reviews selected from top-ranked and recent endpoint pools.,Reviewer name and media URLs were not retained.,454,86,0,0,3,0.05367231638418079,1,0,0.011627906976744186,0,1,Baseus Bowie MA10,Electronics,0,-1.5973796947074081
amazon_bc78a38fa7019f01,baseus_bowie_ma10,Baseus,Bowie MA10,Amazon,Amazon US,B0C89QQ5XK,https://www.amazon.com/dp/B0C89QQ5XK,"Best headphones ever!!!!, the design is a little off in the sense of the one headphone keeps falling out no matter what you do but the connection stays strong, the battery lasts for weeks at a time",Great headphones,5.0,2025-07-29,United States,True,0.0,en,public_woot_review_endpoint,https://www.woot.com/review/Reviews/B0C89QQ5XK,English written five-star reviews selected from top-ranked and recent endpoint pools.,Reviewer name and media URLs were not retained.,197,37,4,0,0,0.0064516129032258064,1,0,0.02702702702702703,0,1,Baseus Bowie MA10,Electronics,0,-0.2785376415502585
amazon_bdea5d2c30683d95,baseus_bowie_ma10,Baseus,Bowie MA10,Amazon,Amazon US,B0C89QQ5XK,https://www.amazon.com/dp/B0C89QQ5XK,"I don’t usually leave reviews but I’ve had these for months and minus the initial charge. I haven’t charged it yet, it’s still at full charge. I’ve used it for roughly 100 hours so that’s a huge plus for me. The earbuds themselves are kinda uncomfortable and tend to slip out sometimes. Sound is pretty good for audiobooks. Music is ok. Clear but not crisp. Nice volume though. Oh and its noise canceling is amazing!! Totally can’t hear outside noise when they’re in.",Totally worth it!,5.0,2024-03-23,United States,True,0.0,en,public_woot_review_endpoint,https://www.woot.com/review/Reviews/B0C89QQ5XK,English written five-star reviews selected from top-ranked and recent endpoint pools.,Reviewer name and media URLs were not retained.,467,91,2,0,3,0.03038674033149171,3,0,0.03296703296703297,0,1,Baseus Bowie MA10,Electronics,0,-1.4494931547282968
amazon_be6270af66545655,baseus_bowie_ma10,Baseus,Bowie MA10,Amazon,Amazon US,B0C89QQ5XK,https://www.amazon.com/dp/B0C89QQ5XK,"The value for money is unbeatable. The ANC is far from the best, but the seal you are able to get thanks to the wing tip more than makes up for it. Mic quality is mor than adequate for phone calls even in noisy environment. Preferred over the phone's mic. The trade of for the really good seal is that it may get uncomfortable after several hours of use. Customer service responded within 24hours when I had an issue with the left earbud and was able to resolve the issue. Overall very pleased with Baseus",Great value. Incredible customer service,5.0,2024-09-27,United States,True,0.0,en,public_woot_review_endpoint,https://www.woot.com/review/Reviews/B0C89QQ5XK,English written five-star reviews selected from top-ranked and recent endpoint pools.,Reviewer name and media URLs were not retained.,505,96,0,0,2,0.029925187032418952,3,0,0.03125,0,1,Baseus Bowie MA10,Electronics,0,-1.3097066620565418
amazon_c6c82457269d0a9d,baseus_bowie_ma10,Baseus,Bowie MA10,Amazon,Amazon US,B0C89QQ5XK,https://www.amazon.com/dp/B0C89QQ5XK,"Can't understand the average rating on these. Considering their price point, nothing else comes close. I won't repeat what the other 5 star reviews say, but I agree with all the pros. I'll merely add that I own 6 pairs and they all work equally well.",Unbeatable value. Solid even when compared to MUCH pricier brand name earbuds.,5.0,2025-02-03,United States,True,0.0,en,public_woot_review_endpoint,https://www.woot.com/review/Reviews/B0C89QQ5XK,English written five-star reviews selected from top-ranked and recent endpoint pools.,Reviewer name and media URLs were not retained.,250,49,0,0,2,0.030927835051546393,0,0,0.0,0,1,Baseus Bowie MA10,Electronics,0,-1.8559165702891476
amazon_cf3d29319dbde1e3,baseus_bowie_ma10,Baseus,Bowie MA10,Amazon,Amazon US,B0C89QQ5XK,https://www.amazon.com/dp/B0C89QQ5XK,"Holy crap! How are these so cheap? My AirPods have gone to crap over the years, and I needed an emergency stand in until I can afford new ones. Sadly I may not end up getting new air pods now. To quote what I told my brother the day they arrived. “Buy these as a backup pair, they sound disgustingly good. You won’t regret it.” Why even bother with headphones that cost 10x as much and deliver lesser performance? Granted the AirPods pack in Dolby Atmos/Spatial Audio, and I don’t believe these do. But they make up for it in really nice sound quality.",Expletive Deleted For The Sake Of Not Getting Deleted,5.0,2023-11-26,United States,True,1.0,en,public_woot_review_endpoint,https://www.woot.com/review/Reviews/B0C89QQ5XK,English written five-star reviews selected from top-ranked and recent endpoint pools.,Reviewer name and media URLs were not retained.,552,107,1,2,2,0.053613053613053616,3,1,0.018691588785046728,0,1,Baseus Bowie MA10,Electronics,0,-2.6010161068170454
amazon_cf4309388e666b84,baseus_bowie_ma10,Baseus,Bowie MA10,Amazon,Amazon US,B0C89QQ5XK,https://www.amazon.com/dp/B0C89QQ5XK,"To date, these are my favorite Bluetooth earbuds. The have ajustable ear sponges that fit comfortably in the ear. They are easy to pair witb out even really needing instructions, however you should still read the instruction manual. Lol.... They are very durable and the quality is amazing. They function like they should. These come with a rechargeable carrying case that gives you up to 4 full charges. The sound is amazing with highs and the lows, you can't beat the price. I will never by a anothe pair of $200 earbuds with the Baseus Earbuds on the market.",Magnificent Qaulity Earbuds!👍👍😎,5.0,2025-03-01,United States,True,1.0,en,public_woot_review_endpoint,https://www.woot.com/review/Reviews/B0C89QQ5XK,English written five-star reviews selected from top-ranked and recent endpoint pools.,Reviewer name and media URLs were not retained.,561,100,0,0,4,0.027149321266968326,5,0,0.05,0,1,Baseus Bowie MA10,Electronics,0,-1.644665499070062
amazon_d4112f47e6205e7b,baseus_bowie_ma10,Baseus,Bowie MA10,Amazon,Amazon US,B0C89QQ5XK,https://www.amazon.com/dp/B0C89QQ5XK,"I try this because I couldn’t find the ones that I’m always using and I was surprised about the sound, the noise cancellation and the battery lasting way more than the ones I’m using, I already bought 4 sets for 4 different people","Excellent quality, battery, noise cancellation.",5.0,2024-10-10,United States,True,0.0,en,public_woot_review_endpoint,https://www.woot.com/review/Reviews/B0C89QQ5XK,English written five-star reviews selected from top-ranked and recent endpoint pools.,Reviewer name and media URLs were not retained.,230,46,0,0,2,0.03314917127071823,0,0,0.0,0,1,Baseus Bowie MA10,Electronics,1,0.030238177039814906
amazon_d5c2de3db610f773,baseus_bowie_ma10,Baseus,Bowie MA10,Amazon,Amazon US,B0C89QQ5XK,https://www.amazon.com/dp/B0C89QQ5XK,"I’ve had lots of ear buds including two pairs of Beats Studio Buds and a pair of Jabra Elites. All of those have eventually had problems. The Beats never paired consistently with my iPhone, cutting in and out while I was running. The Jabra buds lost the ability to pair with each other so that I only got sound out of the right ear bud. (Evidently, this is a pretty common problem.) So far these Baseus buds have been solid and glitch-free. They sound as good as the Jabras although maybe not quite as good as the Beats. The case is large, but I don’t mind since it feels substantial and holds a charge FOREVER. My only criticism is that the active noise cancellation isn’t as effective as I’d like. For the price, however, these are amazing. They sound great, feel solid, and work every time.",Cheap and Comfortable,5.0,2024-01-30,United States,True,15.0,en,public_woot_review_endpoint,https://www.woot.com/review/Reviews/B0C89QQ5XK,English written five-star reviews selected from top-ranked and recent endpoint pools.,Reviewer name and media URLs were not retained.,793,151,0,0,0,0.052969502407704656,4,0,0.026490066225165563,0,1,Baseus Bowie MA10,Electronics,0,-1.2414038677060222
amazon_d6db115bfb4b865b,baseus_bowie_ma10,Baseus,Bowie MA10,Amazon,Amazon US,B0C89QQ5XK,https://www.amazon.com/dp/B0C89QQ5XK,"These earbuds are fantastic. The noise cancellation works incredibly well, cutting out almost all background noise, and the sound quality is rich with deep bass. They’re comfortable to wear for hours, and the 140-hour playtime is just unbelievable — I hardly ever need to charge them. Connection is stable with Bluetooth 5.3, calls are crystal clear thanks to the 4 ENC mics, and they handle workouts easily with the waterproof rating. Absolutely love them!",Love These Earbuds – Amazing Sound and Battery Life!,5.0,2025-08-15,United States,True,0.0,en,public_woot_review_endpoint,https://www.woot.com/review/Reviews/B0C89QQ5XK,English written five-star reviews selected from top-ranked and recent endpoint pools.,Reviewer name and media URLs were not retained.,457,76,1,0,6,0.027472527472527472,3,0,0.039473684210526314,0,1,Baseus Bowie MA10,Electronics,0,-1.879223648009026
amazon_da2f26cd9234e90e,baseus_bowie_ma10,Baseus,Bowie MA10,Amazon,Amazon US,B0C89QQ5XK,https://www.amazon.com/dp/B0C89QQ5XK,"I was expecting something lighter and quieter. These are great. They fit my ear well. Normally my ears eject the in-ear style but these stay in pretty well; although if I start sweating the left one takes off. I can listen to pod casts with no issue when on the tractor and I have these on under hearing protection, with the name brand ones I can really only listen to music too much of the podcast gets lost.",Higher quality than expected,5.0,2024-10-25,United States,True,1.0,en,public_woot_review_endpoint,https://www.woot.com/review/Reviews/B0C89QQ5XK,English written five-star reviews selected from top-ranked and recent endpoint pools.,Reviewer name and media URLs were not retained.,409,79,0,0,0,0.024691358024691357,1,0,0.012658227848101266,0,1,Baseus Bowie MA10,Electronics,0,-1.9400197599249451
amazon_dc1d1eab6cb96ad8,baseus_bowie_ma10,Baseus,Bowie MA10,Amazon,Amazon US,B0C89QQ5XK,https://www.amazon.com/dp/B0C89QQ5XK,"I go through quite a few earbuds. I hate spending a lot of money due to the frequency I lose or destroy them. Bang for the buck these are quite good. The hardware seems pretty solid. They ware very easy to configure. The noise cancelling function is not up to par with more expensive buds but works. It's one of those features that you still have to pay quite a bit for. The sound and base are excellent for the price. I used them outside most of the day at full blast without depleting the charge. The Bluetooth worked well through brick walls and at at pretty good distance. Overall, I would highly recommend.",For the price these can't be beat.,5.0,2023-12-31,United States,True,2.0,en,public_woot_review_endpoint,https://www.woot.com/review/Reviews/B0C89QQ5XK,English written five-star reviews selected from top-ranked and recent endpoint pools.,Reviewer name and media URLs were not retained.,611,115,0,0,0,0.0288659793814433,5,1,0.034782608695652174,0,1,Baseus Bowie MA10,Electronics,0,-2.1399459486504795
amazon_ea134531b1d6e1d7,baseus_bowie_ma10,Baseus,Bowie MA10,Amazon,Amazon US,B0C89QQ5XK,https://www.amazon.com/dp/B0C89QQ5XK,"Hands down the best earbuds I've ever owned. Not only is it awesome there's an app which lets you customize how loud they can be or how well the noise canceling works but the sound quality is also amazing and the best part is they are built to last. I Forgot they were in my pocket and washed the case and both earbuds found them after the wash was complete.. soaking wet, let them dry for a little while. case still charges with no issues and earbuds both work and charge flawlessly like nothing ever happened. Incredible product.",Survived a trip through my washer.,5.0,2024-03-13,United States,True,1.0,en,public_woot_review_endpoint,https://www.woot.com/review/Reviews/B0C89QQ5XK,English written five-star reviews selected from top-ranked and recent endpoint pools.,Reviewer name and media URLs were not retained.,531,100,0,0,0,0.014150943396226415,5,0,0.05,0,1,Baseus Bowie MA10,Electronics,0,-1.4460510445623882
amazon_ed7d091b1447367f,baseus_bowie_ma10,Baseus,Bowie MA10,Amazon,Amazon US,B0C89QQ5XK,https://www.amazon.com/dp/B0C89QQ5XK,"Bought this just to mute christmas music at work with an inexpensive headset. I had bought before brand new iphone headset and that $300+ headset honestly doesnt compare. Im suprised for the price how well this is working. Bass is grear, sound is clear, they cancel all outside noise to the point that with music i cant hear my self think, fit nice and snug in ear come with 3 different rubber sizes for ear wing and the ear piece. Application for connecting and equalizer is easy to use. Just got them so will be using them to see how long battery lasts so if i wont forget will update this review. Honestly shocked and im not one to leave many good reviews cuz most cheap things suck but not this one! 5/5 for headset! Charging bay is a bit bulky but i like it cuz i easily tend to lose things. One and only negative is charging cable...im sorry but these measily 6 inches just wont do. Yes inches.. at least its a usb C charger so have plenty of those around. Edit: had used them new from box(yes i ignored charging before using) for over 2 hrs watching videos and playing music and still at 90%!",Suprised for the price.,5.0,2023-12-08,United States,True,4.0,en,public_woot_review_endpoint,https://www.woot.com/review/Reviews/B0C89QQ5XK,English written five-star reviews selected from top-ranked and recent endpoint pools.,Reviewer name and media URLs were not retained.,1099,211,3,0,10,0.014035087719298246,3,1,0.009478672985781991,0,1,Baseus Bowie MA10,Electronics,0,-2.5812361592008686
amazon_ef400222e26fec40,baseus_bowie_ma10,Baseus,Bowie MA10,Amazon,Amazon US,B0C89QQ5XK,https://www.amazon.com/dp/B0C89QQ5XK,For the price there are great earbuds with good quality. I can connect to my phone and my laptop at the same time and switch between both with ease. They have good sound quality and the noise cancelling is decent.,Baseus MA10 - Can't be beat for the price,5.0,2025-07-27,United States,False,0.0,en,public_woot_review_endpoint,https://www.woot.com/review/Reviews/B0C89QQ5XK,English written five-star reviews selected from top-ranked and recent endpoint pools.,Reviewer name and media URLs were not retained.,213,40,0,0,0,0.017543859649122806,5,0,0.125,0,1,Baseus Bowie MA10,Electronics,0,-0.5112792899419054
amazon_f9e958b70e2420a7,baseus_bowie_ma10,Baseus,Bowie MA10,Amazon,Amazon US,B0C89QQ5XK,https://www.amazon.com/dp/B0C89QQ5XK,"I wanted these earbuds a long time ago. The sound is studio like, nice bass note. Their feel is smooth, quality, nothing flimpsy about these earbuds nor the case, easy to pair and use, factory sealed and charged. the package includes a few sets of rubbers in addition to the ones installed. Yes, the writting of the instructions booklet could be bigger, but maybe there is nothing important to read there anyway, with the exception of some particular functions. Thanks Baseus makers for such a good product !",Above average sound quality at lower than average price,5.0,2024-10-01,United States,True,2.0,en,public_woot_review_endpoint,https://www.woot.com/review/Reviews/B0C89QQ5XK,English written five-star reviews selected from top-ranked and recent endpoint pools.,Reviewer name and media URLs were not retained.,508,87,1,0,0,0.014742014742014743,4,0,0.04597701149425287,0,1,Baseus Bowie MA10,Electronics,0,-1.576143511891419
amazon_ff752346e366ffea,baseus_bowie_ma10,Baseus,Bowie MA10,Amazon,Amazon US,B0C89QQ5XK,https://www.amazon.com/dp/B0C89QQ5XK,Purchased these as a gift for my boyfriend. He said they work well and are noise cancelling. He wanted some new ones but affordable for the gym. He used them in the sauna and did not hear the others talking in there. Great product for the price.,Noise Cancelling,5.0,2024-10-21,United States,True,0.0,en,public_woot_review_endpoint,https://www.woot.com/review/Reviews/B0C89QQ5XK,English written five-star reviews selected from top-ranked and recent endpoint pools.,Reviewer name and media URLs were not retained.,245,47,0,0,0,0.02577319587628866,1,0,0.02127659574468085,0,1,Baseus Bowie MA10,Electronics,0,-1.0502529861089431
amazon_ff7987b828ad5097,baseus_bowie_ma10,Baseus,Bowie MA10,Amazon,Amazon US,B0C89QQ5XK,https://www.amazon.com/dp/B0C89QQ5XK,Nice ear buds for the price. They are comfortable with extra tips to fit different ear sizes They are waterproof to use in the shower and have good quality sound for an inexpensive ear bud,Good to have around,5.0,2025-03-23,United States,True,1.0,en,public_woot_review_endpoint,https://www.woot.com/review/Reviews/B0C89QQ5XK,English written five-star reviews selected from top-ranked and recent endpoint pools.,Reviewer name and media URLs were not retained.,188,35,0,0,0,0.0196078431372549,4,0,0.11428571428571428,0,1,Baseus Bowie MA10,Electronics,0,-0.6205199463388309
aliexpress_02d92dfd3a1a7caa,kospet_tank_t3_ultra,KOSPET,TANK T3 Ultra,AliExpress,AliExpress global English-language reviews,1005006851800028,https://www.aliexpress.com/item/1005006851800028.html,"I will write down a smart watch, in the sets there is glass, you can Bulo and not Brothers will swell... all good.",,5.0,2025-02-03,UA,unknown,,en,published_web_scraped_corpus,https://raw.githubusercontent.com/george07-t/AliExpress-Product-Review-Reply-Management-System/main/1.%20Dataset%20Collection/Product%20Review%20Of%20AliExpress.csv,Deterministic random sample of 35 from 143 English five-star reviews for the exact item.,Reviewer name was not retained.,114,23,0,0,0,0.03488372093023256,1,0,0.043478260869565216,0,1,KOSPET TANK T3 Ultra,Electronics,0,-1.2209474487756975
aliexpress_0907f9f5f279dd0c,kospet_tank_t3_ultra,KOSPET,TANK T3 Ultra,AliExpress,AliExpress global English-language reviews,1005006851800028,https://www.aliexpress.com/item/1005006851800028.html,Very good quality and stylish. I like to have the watch on my hand. I am very satisfied and worth a recommendation. Fast shipping. Thank you to the seller.,,5.0,2024-09-21,DE,unknown,,en,published_web_scraped_corpus,https://raw.githubusercontent.com/george07-t/AliExpress-Product-Review-Reply-Management-System/main/1.%20Dataset%20Collection/Product%20Review%20Of%20AliExpress.csv,Deterministic random sample of 35 from 143 English five-star reviews for the exact item.,Reviewer name was not retained.,155,29,0,0,0,0.040983606557377046,4,0,0.13793103448275862,0,1,KOSPET TANK T3 Ultra,Electronics,0,-1.447702752080351
aliexpress_17969272ec8d3be9,kospet_tank_t3_ultra,KOSPET,TANK T3 Ultra,AliExpress,AliExpress global English-language reviews,1005006851800028,https://www.aliexpress.com/item/1005006851800028.html,Perfect watch just works amazing and possible,,5.0,2024-10-31,IL,unknown,,en,published_web_scraped_corpus,https://raw.githubusercontent.com/george07-t/AliExpress-Product-Review-Reply-Management-System/main/1.%20Dataset%20Collection/Product%20Review%20Of%20AliExpress.csv,Deterministic random sample of 35 from 143 English five-star reviews for the exact item.,Reviewer name was not retained.,45,7,0,0,0,0.02564102564102564,2,0,0.2857142857142857,0,1,KOSPET TANK T3 Ultra,Electronics,1,0.09132145162616456
aliexpress_24a864c04b3feb60,kospet_tank_t3_ultra,KOSPET,TANK T3 Ultra,AliExpress,AliExpress global English-language reviews,1005006851800028,https://www.aliexpress.com/item/1005006851800028.html,"I liked great product is beautiful. Every detail. As soon as I liked the sport a lot, it shows me data that other watches of these characteristics did not show me.",,5.0,2024-09-26,PE,unknown,,en,published_web_scraped_corpus,https://raw.githubusercontent.com/george07-t/AliExpress-Product-Review-Reply-Management-System/main/1.%20Dataset%20Collection/Product%20Review%20Of%20AliExpress.csv,Deterministic random sample of 35 from 143 English five-star reviews for the exact item.,Reviewer name was not retained.,163,31,0,0,0,0.031007751937984496,1,0,0.03225806451612903,0,1,KOSPET TANK T3 Ultra,Electronics,0,-0.6253632834457099
aliexpress_24c2e3bd6ab50ba4,kospet_tank_t3_ultra,KOSPET,TANK T3 Ultra,AliExpress,AliExpress global English-language reviews,1005006851800028,https://www.aliexpress.com/item/1005006851800028.html,Good watch.,,5.0,2024-10-21,RU,unknown,,en,published_web_scraped_corpus,https://raw.githubusercontent.com/george07-t/AliExpress-Product-Review-Reply-Management-System/main/1.%20Dataset%20Collection/Product%20Review%20Of%20AliExpress.csv,Deterministic random sample of 35 from 143 English five-star reviews for the exact item.,Reviewer name was not retained.,11,2,0,0,0,0.1111111111111111,1,0,0.5,0,1,KOSPET TANK T3 Ultra,Electronics,1,0.261473631602259
aliexpress_2ba70a022da0b033,kospet_tank_t3_ultra,KOSPET,TANK T3 Ultra,AliExpress,AliExpress global English-language reviews,1005006851800028,https://www.aliexpress.com/item/1005006851800028.html,Good quality good watch!! Recommended,,5.0,2024-11-28,PE,unknown,,en,published_web_scraped_corpus,https://raw.githubusercontent.com/george07-t/AliExpress-Product-Review-Reply-Management-System/main/1.%20Dataset%20Collection/Product%20Review%20Of%20AliExpress.csv,Deterministic random sample of 35 from 143 English five-star reviews for the exact item.,Reviewer name was not retained.,37,5,2,0,0,0.06451612903225806,3,0,0.6,0,1,KOSPET TANK T3 Ultra,Electronics,1,0.19774135079423028
aliexpress_3e6d824e2636b7a9,kospet_tank_t3_ultra,KOSPET,TANK T3 Ultra,AliExpress,AliExpress global English-language reviews,1005006851800028,https://www.aliexpress.com/item/1005006851800028.html,All as described. Well packed. Hopefully works as correctly as described.,,5.0,2024-10-16,EE,unknown,,en,published_web_scraped_corpus,https://raw.githubusercontent.com/george07-t/AliExpress-Product-Review-Reply-Management-System/main/1.%20Dataset%20Collection/Product%20Review%20Of%20AliExpress.csv,Deterministic random sample of 35 from 143 English five-star reviews for the exact item.,Reviewer name was not retained.,73,11,0,0,0,0.05,0,0,0.0,0,1,KOSPET TANK T3 Ultra,Electronics,0,-0.6572398941328728
aliexpress_4d22920b9592fb26,kospet_tank_t3_ultra,KOSPET,TANK T3 Ultra,AliExpress,AliExpress global English-language reviews,1005006851800028,https://www.aliexpress.com/item/1005006851800028.html,"This is the second watch I ordered. They came to Estonia quickly, about two weeks. Build quality at the highest level, worn constantly, often in harsh environments, while the paint does not peel off and the body is scratch resistant. The functionality of the watch is the same as indicated by the manufacturer. I am satisfied with the purchase for all 100%, the best value for money!",,5.0,2024-12-24,EE,unknown,,en,published_web_scraped_corpus,https://raw.githubusercontent.com/george07-t/AliExpress-Product-Review-Reply-Management-System/main/1.%20Dataset%20Collection/Product%20Review%20Of%20AliExpress.csv,Deterministic random sample of 35 from 143 English five-star reviews for the exact item.,Reviewer name was not retained.,383,67,1,0,3,0.0231023102310231,3,0,0.04477611940298507,0,1,KOSPET TANK T3 Ultra,Electronics,0,-1.4487857817438057
aliexpress_4f15ac9aba227e68,kospet_tank_t3_ultra,KOSPET,TANK T3 Ultra,AliExpress,AliExpress global English-language reviews,1005006851800028,https://www.aliexpress.com/item/1005006851800028.html,"Good afternoon, an application update for the Watch arrived, from its application in kospet, When the update was made, the clock turned off and went black, it no longer turns on, I need a solution, the publicity is a lot, so that it does not work, I need them to change it.",,5.0,2024-10-27,CL,unknown,,en,published_web_scraped_corpus,https://raw.githubusercontent.com/george07-t/AliExpress-Product-Review-Reply-Management-System/main/1.%20Dataset%20Collection/Product%20Review%20Of%20AliExpress.csv,Deterministic random sample of 35 from 143 English five-star reviews for the exact item.,Reviewer name was not retained.,273,52,0,0,0,0.02358490566037736,1,0,0.019230769230769232,0,1,KOSPET TANK T3 Ultra,Electronics,0,-1.1717482298400537
aliexpress_5834830a5102ead7,kospet_tank_t3_ultra,KOSPET,TANK T3 Ultra,AliExpress,AliExpress global English-language reviews,1005006851800028,https://www.aliexpress.com/item/1005006851800028.html,"The seller was very nice and responded to messages and the watch is amazing, good quality and nice looking.",,5.0,2024-09-26,HR,unknown,,en,published_web_scraped_corpus,https://raw.githubusercontent.com/george07-t/AliExpress-Product-Review-Reply-Management-System/main/1.%20Dataset%20Collection/Product%20Review%20Of%20AliExpress.csv,Deterministic random sample of 35 from 143 English five-star reviews for the exact item.,Reviewer name was not retained.,107,19,0,0,0,0.011494252873563218,5,0,0.2631578947368421,0,1,KOSPET TANK T3 Ultra,Electronics,1,0.17290583020735484
aliexpress_625a44edb51aaa3d,kospet_tank_t3_ultra,KOSPET,TANK T3 Ultra,AliExpress,AliExpress global English-language reviews,1005006851800028,https://www.aliexpress.com/item/1005006851800028.html,I am very satisfied. I will write well.,,5.0,2024-09-07,KR,unknown,,en,published_web_scraped_corpus,https://raw.githubusercontent.com/george07-t/AliExpress-Product-Review-Reply-Management-System/main/1.%20Dataset%20Collection/Product%20Review%20Of%20AliExpress.csv,Deterministic random sample of 35 from 143 English five-star reviews for the exact item.,Reviewer name was not retained.,39,8,0,0,0,0.06666666666666667,1,0,0.125,0,1,KOSPET TANK T3 Ultra,Electronics,0,-0.7490801906507294
aliexpress_6425d0f0e0f99266,kospet_tank_t3_ultra,KOSPET,TANK T3 Ultra,AliExpress,AliExpress global English-language reviews,1005006851800028,https://www.aliexpress.com/item/1005006851800028.html,It looks strong.,,5.0,2024-11-02,KR,unknown,,en,published_web_scraped_corpus,https://raw.githubusercontent.com/george07-t/AliExpress-Product-Review-Reply-Management-System/main/1.%20Dataset%20Collection/Product%20Review%20Of%20AliExpress.csv,Deterministic random sample of 35 from 143 English five-star reviews for the exact item.,Reviewer name was not retained.,16,3,0,0,0,0.07692307692307693,0,0,0.0,0,1,KOSPET TANK T3 Ultra,Electronics,1,0.8657413610025815
aliexpress_7060911dd73e6dae,kospet_tank_t3_ultra,KOSPET,TANK T3 Ultra,AliExpress,AliExpress global English-language reviews,1005006851800028,https://www.aliexpress.com/item/1005006851800028.html,Very satisfied. App updates are also very good.,,5.0,2024-11-17,KR,unknown,,en,published_web_scraped_corpus,https://raw.githubusercontent.com/george07-t/AliExpress-Product-Review-Reply-Management-System/main/1.%20Dataset%20Collection/Product%20Review%20Of%20AliExpress.csv,Deterministic random sample of 35 from 143 English five-star reviews for the exact item.,Reviewer name was not retained.,47,8,0,0,0,0.05263157894736842,2,0,0.25,0,1,KOSPET TANK T3 Ultra,Electronics,0,-0.5827702223364122
aliexpress_780aafbc4848b918,kospet_tank_t3_ultra,KOSPET,TANK T3 Ultra,AliExpress,AliExpress global English-language reviews,1005006851800028,https://www.aliexpress.com/item/1005006851800028.html,"Very fast shipping and delivery. Watch well done, intuitive in use. Very good value for money. Very comfortable on the wrist.",,5.0,2024-09-19,IT,unknown,,en,published_web_scraped_corpus,https://raw.githubusercontent.com/george07-t/AliExpress-Product-Review-Reply-Management-System/main/1.%20Dataset%20Collection/Product%20Review%20Of%20AliExpress.csv,Deterministic random sample of 35 from 143 English five-star reviews for the exact item.,Reviewer name was not retained.,125,21,0,0,0,0.04,3,0,0.14285714285714285,0,1,KOSPET TANK T3 Ultra,Electronics,1,0.276275424138701
aliexpress_7dccfb868c0e8695,kospet_tank_t3_ultra,KOSPET,TANK T3 Ultra,AliExpress,AliExpress global English-language reviews,1005006851800028,https://www.aliexpress.com/item/1005006851800028.html,A week and a half at a large Canary Islands very good watch looks very robust somewhat heavy but perfect if you want something good,,5.0,2024-09-16,ES,unknown,,en,published_web_scraped_corpus,https://raw.githubusercontent.com/george07-t/AliExpress-Product-Review-Reply-Management-System/main/1.%20Dataset%20Collection/Product%20Review%20Of%20AliExpress.csv,Deterministic random sample of 35 from 143 English five-star reviews for the exact item.,Reviewer name was not retained.,131,25,0,0,0,0.028037383177570093,3,0,0.12,0,1,KOSPET TANK T3 Ultra,Electronics,0,-0.8243402039085381
aliexpress_81a44c96dffa0f4d,kospet_tank_t3_ultra,KOSPET,TANK T3 Ultra,AliExpress,AliExpress global English-language reviews,1005006851800028,https://www.aliexpress.com/item/1005006851800028.html,"I liked the watch. But the charger does not magnetic-it falls away from the watch, you have to charge only by pressing the charge for hours. While I'm learning this device. Later I will unsubscribe how they behave. When turned on, the firmware update immediately arrived-updated. Delivery 15 days mist Express.",,5.0,2024-10-17,UA,unknown,,en,published_web_scraped_corpus,https://raw.githubusercontent.com/george07-t/AliExpress-Product-Review-Reply-Management-System/main/1.%20Dataset%20Collection/Product%20Review%20Of%20AliExpress.csv,Deterministic random sample of 35 from 143 English five-star reviews for the exact item.,Reviewer name was not retained.,310,54,0,0,2,0.03643724696356275,0,0,0.0,0,1,KOSPET TANK T3 Ultra,Electronics,0,-1.8151497577204583
aliexpress_8239ea411db392fa,kospet_tank_t3_ultra,KOSPET,TANK T3 Ultra,AliExpress,AliExpress global English-language reviews,1005006851800028,https://www.aliexpress.com/item/1005006851800028.html,"High-quality, durable watch with many functions. Works well. The battery has a good capacity.",,5.0,2024-12-27,LV,unknown,,en,published_web_scraped_corpus,https://raw.githubusercontent.com/george07-t/AliExpress-Product-Review-Reply-Management-System/main/1.%20Dataset%20Collection/Product%20Review%20Of%20AliExpress.csv,Deterministic random sample of 35 from 143 English five-star reviews for the exact item.,Reviewer name was not retained.,93,15,0,0,0,0.04,3,0,0.2,0,1,KOSPET TANK T3 Ultra,Electronics,0,-1.201410750148554
aliexpress_8420afd4fb343080,kospet_tank_t3_ultra,KOSPET,TANK T3 Ultra,AliExpress,AliExpress global English-language reviews,1005006851800028,https://www.aliexpress.com/item/1005006851800028.html,"Garny year-old, shvidka delivery, seller recommend.",,5.0,2024-09-25,UA,unknown,,en,published_web_scraped_corpus,https://raw.githubusercontent.com/george07-t/AliExpress-Product-Review-Reply-Management-System/main/1.%20Dataset%20Collection/Product%20Review%20Of%20AliExpress.csv,Deterministic random sample of 35 from 143 English five-star reviews for the exact item.,Reviewer name was not retained.,51,7,0,0,0,0.023809523809523808,1,0,0.14285714285714285,0,1,KOSPET TANK T3 Ultra,Electronics,0,-0.8257285675109967
aliexpress_874ec4b845b60c2a,kospet_tank_t3_ultra,KOSPET,TANK T3 Ultra,AliExpress,AliExpress global English-language reviews,1005006851800028,https://www.aliexpress.com/item/1005006851800028.html,All the same as in the description. only I wanted light silver. and sent dark ones.,,5.0,2025-02-13,RU,unknown,,en,published_web_scraped_corpus,https://raw.githubusercontent.com/george07-t/AliExpress-Product-Review-Reply-Management-System/main/1.%20Dataset%20Collection/Product%20Review%20Of%20AliExpress.csv,Deterministic random sample of 35 from 143 English five-star reviews for the exact item.,Reviewer name was not retained.,83,16,0,0,0,0.03076923076923077,0,0,0.0,0,1,KOSPET TANK T3 Ultra,Electronics,0,-1.1710465423003773
aliexpress_8d2d96894a3be048,kospet_tank_t3_ultra,KOSPET,TANK T3 Ultra,AliExpress,AliExpress global English-language reviews,1005006851800028,https://www.aliexpress.com/item/1005006851800028.html,The watch is great can be said Super. quickly set up. many functions work perfectly,,5.0,2024-11-30,RU,unknown,,en,published_web_scraped_corpus,https://raw.githubusercontent.com/george07-t/AliExpress-Product-Review-Reply-Management-System/main/1.%20Dataset%20Collection/Product%20Review%20Of%20AliExpress.csv,Deterministic random sample of 35 from 143 English five-star reviews for the exact item.,Reviewer name was not retained.,83,15,0,0,0,0.029850746268656716,1,0,0.06666666666666667,0,1,KOSPET TANK T3 Ultra,Electronics,0,-1.554361523510885
aliexpress_8dd8d946f8dbd5a5,kospet_tank_t3_ultra,KOSPET,TANK T3 Ultra,AliExpress,AliExpress global English-language reviews,1005006851800028,https://www.aliexpress.com/item/1005006851800028.html,Only bad working App. And vibration very soft even though it is on the strongest,,5.0,2024-10-01,BE,unknown,,en,published_web_scraped_corpus,https://raw.githubusercontent.com/george07-t/AliExpress-Product-Review-Reply-Management-System/main/1.%20Dataset%20Collection/Product%20Review%20Of%20AliExpress.csv,Deterministic random sample of 35 from 143 English five-star reviews for the exact item.,Reviewer name was not retained.,80,15,0,0,0,0.046153846153846156,0,1,-0.06666666666666667,1,1,KOSPET TANK T3 Ultra,Electronics,0,-0.6810757149303446
aliexpress_90412ba50204f564,kospet_tank_t3_ultra,KOSPET,TANK T3 Ultra,AliExpress,AliExpress global English-language reviews,1005006851800028,https://www.aliexpress.com/item/1005006851800028.html,"Excellent quality watches, a lot of good dials, just good and not Berry flowers. Work perfectly, comfortable in everything. The seller is handsome, we will take it safely, you will not regret...",,5.0,2024-09-20,RU,unknown,,en,published_web_scraped_corpus,https://raw.githubusercontent.com/george07-t/AliExpress-Product-Review-Reply-Management-System/main/1.%20Dataset%20Collection/Product%20Review%20Of%20AliExpress.csv,Deterministic random sample of 35 from 143 English five-star reviews for the exact item.,Reviewer name was not retained.,194,32,0,0,0,0.026143790849673203,5,0,0.15625,0,1,KOSPET TANK T3 Ultra,Electronics,1,0.09929074376170699
aliexpress_98d29f823e8eb60f,kospet_tank_t3_ultra,KOSPET,TANK T3 Ultra,AliExpress,AliExpress global English-language reviews,1005006851800028,https://www.aliexpress.com/item/1005006851800028.html,Great thank you,,5.0,2024-09-23,UK,unknown,,en,published_web_scraped_corpus,https://raw.githubusercontent.com/george07-t/AliExpress-Product-Review-Reply-Management-System/main/1.%20Dataset%20Collection/Product%20Review%20Of%20AliExpress.csv,Deterministic random sample of 35 from 143 English five-star reviews for the exact item.,Reviewer name was not retained.,15,3,0,0,0,0.07692307692307693,1,0,0.3333333333333333,0,1,KOSPET TANK T3 Ultra,Electronics,0,-1.106034759277138
aliexpress_a126c4315ebfdaea,kospet_tank_t3_ultra,KOSPET,TANK T3 Ultra,AliExpress,AliExpress global English-language reviews,1005006851800028,https://www.aliexpress.com/item/1005006851800028.html,"The price ratio is the highest for Nina. The watch is too light and durable. Like a titanium watch, it is light and fit. At the price of this, if it is this level of function and performance A + among smart watches.",,5.0,2024-12-16,KR,unknown,,en,published_web_scraped_corpus,https://raw.githubusercontent.com/george07-t/AliExpress-Product-Review-Reply-Management-System/main/1.%20Dataset%20Collection/Product%20Review%20Of%20AliExpress.csv,Deterministic random sample of 35 from 143 English five-star reviews for the exact item.,Reviewer name was not retained.,215,42,0,0,0,0.03614457831325301,1,0,0.023809523809523808,0,1,KOSPET TANK T3 Ultra,Electronics,0,-1.3604720366204548
aliexpress_acbdd9cb75d5be94,kospet_tank_t3_ultra,KOSPET,TANK T3 Ultra,AliExpress,AliExpress global English-language reviews,1005006851800028,https://www.aliexpress.com/item/1005006851800028.html,"The watch is very cool, but after 2 week there was a problem with the display. I am waiting for the solution of this situation and how the seller will approach the topic, I think it will be all OK And we will agree on the topic, Regards!!",,5.0,2024-12-13,PL,unknown,,en,published_web_scraped_corpus,https://raw.githubusercontent.com/george07-t/AliExpress-Product-Review-Reply-Management-System/main/1.%20Dataset%20Collection/Product%20Review%20Of%20AliExpress.csv,Deterministic random sample of 35 from 143 English five-star reviews for the exact item.,Reviewer name was not retained.,238,48,2,0,1,0.03804347826086957,0,0,0.0,0,1,KOSPET TANK T3 Ultra,Electronics,0,-0.42715201374656675
aliexpress_bb2c450c6a53cade,kospet_tank_t3_ultra,KOSPET,TANK T3 Ultra,AliExpress,AliExpress global English-language reviews,1005006851800028,https://www.aliexpress.com/item/1005006851800028.html,Watch is worthy! recommend!,,5.0,2024-11-24,UA,unknown,,en,published_web_scraped_corpus,https://raw.githubusercontent.com/george07-t/AliExpress-Product-Review-Reply-Management-System/main/1.%20Dataset%20Collection/Product%20Review%20Of%20AliExpress.csv,Deterministic random sample of 35 from 143 English five-star reviews for the exact item.,Reviewer name was not retained.,27,4,2,0,0,0.045454545454545456,1,0,0.25,0,1,KOSPET TANK T3 Ultra,Electronics,1,0.04230568132324197
aliexpress_bde3e9f6d9a4c0d8,kospet_tank_t3_ultra,KOSPET,TANK T3 Ultra,AliExpress,AliExpress global English-language reviews,1005006851800028,https://www.aliexpress.com/item/1005006851800028.html,"At the moment I arrive fast, it works incredible, it has everything I need. With the time of use sabre whether it is good or not",,5.0,2024-10-10,AR,unknown,,en,published_web_scraped_corpus,https://raw.githubusercontent.com/george07-t/AliExpress-Product-Review-Reply-Management-System/main/1.%20Dataset%20Collection/Product%20Review%20Of%20AliExpress.csv,Deterministic random sample of 35 from 143 English five-star reviews for the exact item.,Reviewer name was not retained.,128,26,0,0,0,0.04,2,0,0.07692307692307693,0,1,KOSPET TANK T3 Ultra,Electronics,0,-1.3981850553941757
aliexpress_cda68a28fc31576b,kospet_tank_t3_ultra,KOSPET,TANK T3 Ultra,AliExpress,AliExpress global English-language reviews,1005006851800028,https://www.aliexpress.com/item/1005006851800028.html,"The watch is great, heavy, looks like a baby Bagata). Watch with 95% charge, working charging (checked). Metal bracelet and protective glass are attached to the parcel separately. Delivery is fast, they came to Belgorod in a week (the warehouse is somewhere close in Russia), which is very pleasing. Thanks seller, recommend",,5.0,2024-10-30,RU,unknown,,en,published_web_scraped_corpus,https://raw.githubusercontent.com/george07-t/AliExpress-Product-Review-Reply-Management-System/main/1.%20Dataset%20Collection/Product%20Review%20Of%20AliExpress.csv,Deterministic random sample of 35 from 143 English five-star reviews for the exact item.,Reviewer name was not retained.,324,52,0,0,2,0.03137254901960784,3,0,0.057692307692307696,0,1,KOSPET TANK T3 Ultra,Electronics,0,-2.546115832764149
aliexpress_cfe84ec0bee061da,kospet_tank_t3_ultra,KOSPET,TANK T3 Ultra,AliExpress,AliExpress global English-language reviews,1005006851800028,https://www.aliexpress.com/item/1005006851800028.html,Perfect.,,5.0,2024-12-09,BG,unknown,,en,published_web_scraped_corpus,https://raw.githubusercontent.com/george07-t/AliExpress-Product-Review-Reply-Management-System/main/1.%20Dataset%20Collection/Product%20Review%20Of%20AliExpress.csv,Deterministic random sample of 35 from 143 English five-star reviews for the exact item.,Reviewer name was not retained.,8,1,0,0,0,0.14285714285714285,1,0,1.0,0,1,KOSPET TANK T3 Ultra,Electronics,0,-0.398986802133261
aliexpress_d1987d3d60caa597,kospet_tank_t3_ultra,KOSPET,TANK T3 Ultra,AliExpress,AliExpress global English-language reviews,1005006851800028,https://www.aliexpress.com/item/1005006851800028.html,Excellent all good quality I am very happy with the purchase Highly recommended,,5.0,2024-12-04,MX,unknown,,en,published_web_scraped_corpus,https://raw.githubusercontent.com/george07-t/AliExpress-Product-Review-Reply-Management-System/main/1.%20Dataset%20Collection/Product%20Review%20Of%20AliExpress.csv,Deterministic random sample of 35 from 143 English five-star reviews for the exact item.,Reviewer name was not retained.,79,13,0,0,0,0.04477611940298507,4,0,0.3076923076923077,0,1,KOSPET TANK T3 Ultra,Electronics,0,-0.41774283888774066
aliexpress_da2a222d4349c642,kospet_tank_t3_ultra,KOSPET,TANK T3 Ultra,AliExpress,AliExpress global English-language reviews,1005006851800028,https://www.aliexpress.com/item/1005006851800028.html,cool watch super,,5.0,2025-02-24,RU,unknown,,en,published_web_scraped_corpus,https://raw.githubusercontent.com/george07-t/AliExpress-Product-Review-Reply-Management-System/main/1.%20Dataset%20Collection/Product%20Review%20Of%20AliExpress.csv,Deterministic random sample of 35 from 143 English five-star reviews for the exact item.,Reviewer name was not retained.,16,3,0,0,0,0.0,0,0,0.0,0,1,KOSPET TANK T3 Ultra,Electronics,0,-1.212213582306746
aliexpress_da94b3448fcbac23,kospet_tank_t3_ultra,KOSPET,TANK T3 Ultra,AliExpress,AliExpress global English-language reviews,1005006851800028,https://www.aliexpress.com/item/1005006851800028.html,"Excellent primium watch, meets all expectations. We recommend the seller, the product arrived faster than expected (9 days) and in very good condition.",,5.0,2024-09-14,CO,unknown,,en,published_web_scraped_corpus,https://raw.githubusercontent.com/george07-t/AliExpress-Product-Review-Reply-Management-System/main/1.%20Dataset%20Collection/Product%20Review%20Of%20AliExpress.csv,Deterministic random sample of 35 from 143 English five-star reviews for the exact item.,Reviewer name was not retained.,151,23,0,0,1,0.01639344262295082,3,0,0.13043478260869565,0,1,KOSPET TANK T3 Ultra,Electronics,0,-0.8465049164911087
aliexpress_dd6785d3c63e512f,kospet_tank_t3_ultra,KOSPET,TANK T3 Ultra,AliExpress,AliExpress global English-language reviews,1005006851800028,https://www.aliexpress.com/item/1005006851800028.html,"Excellent purchase, arrived earlier than expected, I appreciate the attention paid, very good seller. Congratulation.",,5.0,2024-10-17,CO,unknown,,en,published_web_scraped_corpus,https://raw.githubusercontent.com/george07-t/AliExpress-Product-Review-Reply-Management-System/main/1.%20Dataset%20Collection/Product%20Review%20Of%20AliExpress.csv,Deterministic random sample of 35 from 143 English five-star reviews for the exact item.,Reviewer name was not retained.,117,15,0,0,0,0.030612244897959183,2,0,0.13333333333333333,0,1,KOSPET TANK T3 Ultra,Electronics,0,-1.8785194577757154
aliexpress_eb34e8676b65e747,kospet_tank_t3_ultra,KOSPET,TANK T3 Ultra,AliExpress,AliExpress global English-language reviews,1005006851800028,https://www.aliexpress.com/item/1005006851800028.html,"Although the watch came with a delay, but I liked the watch itself, but the bracelet that went as a gift turned out to be not the same color as the watch and darker, in general, a useless gift turned out to be, why give it?",,5.0,2025-01-20,RU,unknown,,en,published_web_scraped_corpus,https://raw.githubusercontent.com/george07-t/AliExpress-Product-Review-Reply-Management-System/main/1.%20Dataset%20Collection/Product%20Review%20Of%20AliExpress.csv,Deterministic random sample of 35 from 143 English five-star reviews for the exact item.,Reviewer name was not retained.,223,46,0,1,0,0.011627906976744186,0,1,-0.021739130434782608,0,1,KOSPET TANK T3 Ultra,Electronics,0,-1.524385265365399
aliexpress_ec48ccc9e4b4951c,kospet_tank_t3_ultra,KOSPET,TANK T3 Ultra,AliExpress,AliExpress global English-language reviews,1005006851800028,https://www.aliexpress.com/item/1005006851800028.html,nice sports watch works good.,,5.0,2024-10-05,US,unknown,,en,published_web_scraped_corpus,https://raw.githubusercontent.com/george07-t/AliExpress-Product-Review-Reply-Management-System/main/1.%20Dataset%20Collection/Product%20Review%20Of%20AliExpress.csv,Deterministic random sample of 35 from 143 English five-star reviews for the exact item.,Reviewer name was not retained.,29,5,0,0,0,0.0,2,0,0.4,0,1,KOSPET TANK T3 Ultra,Electronics,0,-0.7903649506339114
amazon_0d93328603db070c,kospet_tank_t3_ultra,KOSPET,TANK T3 Ultra,Amazon,Amazon US,B0CQXB54JC,https://www.amazon.com/dp/B0CQXB54JC,"It's a low-cost Garmin watch. The gadget surprised me by performing better than I had anticipated. Its sturdy construction is evident right out of the box; it feels like it could withstand a lot of abuse. Claims of military-grade durability appear to be justified, as it withstands drops, hard hits, and exposure to dust and water with relative ease. It's comforting to know that the TANK T3 can manage rough terrain, whether you're hiking, camping, or just inexperienced. Impressive are the fitness features as well. It monitors heart rate, blood oxygen levels, sleep, and all the usual things. With its several sports modes, you may use it for almost any kind of exercise. GPS feature is a fantastic addition, particularly for treks or outdoor runs. It's easy to follow and perfectly accurate.",Best purchase and no regrets at all. Its a Budget Garmin.,5.0,2024-09-10,United States,True,1.0,en,public_woot_review_endpoint,https://www.woot.com/review/Reviews/B0CQXB54JC,English written five-star reviews from the top-ranked endpoint pool.,Reviewer name and media URLs were not retained.,795,138,0,0,1,0.029921259842519685,1,0,0.007246376811594203,0,1,KOSPET TANK T3 Ultra,Electronics,0,-3.2768422979788476
amazon_0eeac79322775718,kospet_tank_t3_ultra,KOSPET,TANK T3 Ultra,Amazon,Amazon US,B0CQXB54JC,https://www.amazon.com/dp/B0CQXB54JC,"This is a great watch, it's a comfortable, really user friendly and gives you everything and more that you would only expect from a high end watch! The battery life is very good and the watch recharges pretty quick. This is a great value for money product and looks good on your arm. It connects quickly to my different bluetooth devices, and it's perfect for outdoor work, dust, dirt and water. It's gps is also great for tracking my training. The touch screen is really responsive and the Oled make it really Brite and easy to see, day or night.",Great watch,5.0,2024-08-22,United States,True,3.0,en,public_woot_review_endpoint,https://www.woot.com/review/Reviews/B0CQXB54JC,English written five-star reviews from the top-ranked endpoint pool.,Reviewer name and media URLs were not retained.,547,103,1,0,0,0.018475750577367205,8,0,0.07766990291262135,0,1,KOSPET TANK T3 Ultra,Electronics,0,-2.1123457455729913
amazon_1e280c5c9835d804,kospet_tank_t3_ultra,KOSPET,TANK T3 Ultra,Amazon,Amazon US,B0CQXB54JC,https://www.amazon.com/dp/B0CQXB54JC,"The Kospet Tank T3 is a well made watch. The build quality is great. I use it for work and every once in a while I bump it with a wall or something random and let me tell you that I have not see a scratch anywhere not to mention that it comes with a glass screen protector which is a plus! Battery life is awesome. On smart mode the battery is suppose to last two weeks. I had the watch for a week and have only charged it once and the battery life is currently at 67%. It has plenty of apps and features. My favorites are the multiple watch faces to choose from and the availability to show my messages and notifications. Overall, I recommend it as an alternative for an Apple or Samsung Watch without breaking the bank!",Awesome Watch!,5.0,2024-09-17,United States,True,2.0,en,public_woot_review_endpoint,https://www.woot.com/review/Reviews/B0CQXB54JC,English written five-star reviews from the top-ranked endpoint pool.,Reviewer name and media URLs were not retained.,721,141,2,0,3,0.031746031746031744,4,0,0.028368794326241134,0,1,KOSPET TANK T3 Ultra,Electronics,0,-1.6926905309948825
amazon_21c51f887815ecd8,kospet_tank_t3_ultra,KOSPET,TANK T3 Ultra,Amazon,Amazon US,B0CQXB54JC,https://www.amazon.com/dp/B0CQXB54JC,"EDIT: I got perhaps the best customer service that I have gotten anywhere with this seller. They were proactive and sent me a new watch. There are still glitches in the software but they are manageable and pale in comparison to the watch itself which is great. I highly recommend this brand over other ""rugged"" watches which are generally rebranded versions of this one. I really wanted to like this watch, but unfortunately the app that it pairs with is sorely lacking. The ""raise to wake"" feature would not stay functional when set through the app and the option to set it on the phone was not operational in that the button could not even be moved. I reset the watch and made sure I was running the latest firmware and it would work once and then disappear. This is a pretty standard feature on even 30 dollar watches with worse apps and it's annoying not to have. Secondly, the contact syncing feature does not work. It randomly chooses about 20 out of my phone and then gives me the option to sync to the watch. Unfortunately, the ones it ""chooses"" aren't ones that I need or want and the ones I do want will not import. Marking them as favorites and even creating new contacts still doesn't work. Interestingly, when setting up the SOS contact you are taken directly to your phone's contact app and can select any that you want. I've been told that this is a known issue with not only the Kospet Fit app but also Gloryfit Pro and Carbinox Pro. All 3 apps look pretty much the same. Finally, and least importantly, the selection of ""hundreds"" of watch faces is beyond misleading unless you like juvenile clip art. The vast majority are unusable for adults and there are many that are anime related or are merely clip art. There are also some that celebrate May Day and a nice collection of faces with Arabic words. (Not judging..but the developer should know their customers.) It's a great looking watch but not having a decent app to consistently control even the most basic functions of the watch is a deal breaker for me and I'm returning it.",Great watch and A+ customer service,5.0,2024-09-14,United States,True,0.0,en,public_woot_review_endpoint,https://www.woot.com/review/Reviews/B0CQXB54JC,English written five-star reviews from the top-ranked endpoint pool.,Reviewer name and media URLs were not retained.,2050,378,0,0,5,0.025153374233128835,5,0,0.013227513227513227,0,1,KOSPET TANK T3 Ultra,Electronics,0,-3.0745764332237435
amazon_2220fcfb897aa7e6,kospet_tank_t3_ultra,KOSPET,TANK T3 Ultra,Amazon,Amazon US,B0CQXB54JC,https://www.amazon.com/dp/B0CQXB54JC,For the price you will not find a better smartwatch,Better that I expected,5.0,2024-11-04,United States,True,0.0,en,public_woot_review_endpoint,https://www.woot.com/review/Reviews/B0CQXB54JC,English written five-star reviews from the top-ranked endpoint pool.,Reviewer name and media URLs were not retained.,51,10,0,0,0,0.023809523809523808,0,0,0.0,0,1,KOSPET TANK T3 Ultra,Electronics,0,-0.7559304769340398
amazon_296e078e694663e0,kospet_tank_t3_ultra,KOSPET,TANK T3 Ultra,Amazon,Amazon US,B0CQXB54JC,https://www.amazon.com/dp/B0CQXB54JC,Value for my money,Smart watch,5.0,2024-09-04,United States,True,0.0,en,public_woot_review_endpoint,https://www.woot.com/review/Reviews/B0CQXB54JC,English written five-star reviews from the top-ranked endpoint pool.,Reviewer name and media URLs were not retained.,18,4,0,0,0,0.06666666666666667,0,0,0.0,0,1,KOSPET TANK T3 Ultra,Electronics,1,1.2233710354463256
amazon_29718c45085aa43e,kospet_tank_t3_ultra,KOSPET,TANK T3 Ultra,Amazon,Amazon US,B0CQXB54JC,https://www.amazon.com/dp/B0CQXB54JC,I had an issue with my watch and they were very quick to respond. They replaced my watch and stand behind their product. Good company to work with. The watch is great too.,Great customer service and watch,5.0,2024-10-22,United States,True,0.0,en,public_woot_review_endpoint,https://www.woot.com/review/Reviews/B0CQXB54JC,English written five-star reviews from the top-ranked endpoint pool.,Reviewer name and media URLs were not retained.,171,33,0,0,0,0.02962962962962963,2,0,0.06060606060606061,0,1,KOSPET TANK T3 Ultra,Electronics,0,-0.5585550311702836
amazon_2b591d17ab10aae3,kospet_tank_t3_ultra,KOSPET,TANK T3 Ultra,Amazon,Amazon US,B0CQXB54JC,https://www.amazon.com/dp/B0CQXB54JC,To early towrite a review. I like it so far.,How fast it was delivered,5.0,2024-08-11,United States,True,0.0,en,public_woot_review_endpoint,https://www.woot.com/review/Reviews/B0CQXB54JC,English written five-star reviews from the top-ranked endpoint pool.,Reviewer name and media URLs were not retained.,44,10,0,0,0,0.06060606060606061,0,0,0.0,0,1,KOSPET TANK T3 Ultra,Electronics,0,-1.1375543747269654
amazon_3628d240866a3767,kospet_tank_t3_ultra,KOSPET,TANK T3 Ultra,Amazon,Amazon US,B0CQXB54JC,https://www.amazon.com/dp/B0CQXB54JC,"It does everything it states it can do, and contrary to what others have said, I've found the health reading to be pretty accurate such as Heart rate, blood O2, Blood pressure, steps, etc. The only thing I can complain about is you have to sync the app to update the temperature on the watch, there's not an option that I've found to change the elevation reading to Feet instead of Meters (the setting changes everything else but not elevation). It would be nice if it would sync with Samsung health, but that's minor. I love the sleep tracking, and all the other functions, but depending on how you have it set the battery will run down much sooner that advertised. I get 4-5 days from mine the I have it set up, which is still good, but it's not 2 weeks or anything like that if you're using the HR, BP, sleep tracker, O2. If you cut all of that off, or set the timer where it doesn't sample as often I'm sure it will extend the battery. This a tough watch, that for the money can't be matched by the likes of Garmin, Samsung, or Apple, and is not as fragile as Apple and the Samsung for sure.",Fantastic watch for the price,5.0,2024-09-19,United States,True,0.0,en,public_woot_review_endpoint,https://www.woot.com/review/Reviews/B0CQXB54JC,English written five-star reviews from the top-ranked endpoint pool.,Reviewer name and media URLs were not retained.,1095,220,0,0,5,0.0332541567695962,3,0,0.013636363636363636,0,1,KOSPET TANK T3 Ultra,Electronics,0,-1.2392208293221576
amazon_3b4079e0ab1297e8,kospet_tank_t3_ultra,KOSPET,TANK T3 Ultra,Amazon,Amazon US,B0CQXB54JC,https://www.amazon.com/dp/B0CQXB54JC,A very great watch for the money.,A very good watch.,5.0,2025-01-23,United States,True,0.0,en,public_woot_review_endpoint,https://www.woot.com/review/Reviews/B0CQXB54JC,English written five-star reviews from the top-ranked endpoint pool.,Reviewer name and media URLs were not retained.,33,7,0,0,0,0.038461538461538464,1,0,0.14285714285714285,0,1,KOSPET TANK T3 Ultra,Electronics,0,-0.09969183865664699
amazon_42506f72d4c72410,kospet_tank_t3_ultra,KOSPET,TANK T3 Ultra,Amazon,Amazon US,B0CQXB54JC,https://www.amazon.com/dp/B0CQXB54JC,"Looks great. Battery lasts a long time, over 7 days. Good sports watch to track effort. Does lose connection with phone.",Nice watch and alternative to Apple or Samsung,5.0,2024-12-11,United States,True,0.0,en,public_woot_review_endpoint,https://www.woot.com/review/Reviews/B0CQXB54JC,English written five-star reviews from the top-ranked endpoint pool.,Reviewer name and media URLs were not retained.,120,21,0,0,1,0.0425531914893617,2,0,0.09523809523809523,0,1,KOSPET TANK T3 Ultra,Electronics,0,-0.7337223708826925
amazon_491aba88fcec0884,kospet_tank_t3_ultra,KOSPET,TANK T3 Ultra,Amazon,Amazon US,B0CQXB54JC,https://www.amazon.com/dp/B0CQXB54JC,"The product i am reviewing is the Kospet Tank T3 Ultra. This watch is very high quality even though the price was a crazy value. It came with a magnetic charger, watch band and watch itself. I have used it on a jog and find that the steps were comparable to the Apple watch. They both displayed the similar amount of steps if I wore each watch on each hand give or take 8 steps. Battery life was phenomenal. It holds a charge for more than two days with moderate usage. The screen is very bright and very responsive. I had no issue swimming with this on. And so far held up well with everyday use. I bump it on tables and walls all the time and the finish still looks new! All in all, I am very pleased and will not hesitate to buy a other one from this company. Apple and Samsung needs to step up their game or lower their prices because if this product exist why would you want to spend 4x more for an Apple or Samsung? I hope this helps anyone on the fence about buying this. You will be pleasantly surprised for sure!",Excellent alternative to the major players of smart watches!,5.0,2024-08-28,United States,True,3.0,en,public_woot_review_endpoint,https://www.woot.com/review/Reviews/B0CQXB54JC,English written five-star reviews from the top-ranked endpoint pool.,Reviewer name and media URLs were not retained.,1021,200,2,1,3,0.03117206982543641,1,0,0.005,0,1,KOSPET TANK T3 Ultra,Electronics,0,-1.3131324163365086
amazon_662eb9a159f8b628,kospet_tank_t3_ultra,KOSPET,TANK T3 Ultra,Amazon,Amazon US,B0CQXB54JC,https://www.amazon.com/dp/B0CQXB54JC,"Love the watch. I bought this for health monitor. Don't use it for anything but time, blood pressure, heat rate. Easy to read and use.",Great customer service from seller.,5.0,2024-10-02,United States,True,0.0,en,public_woot_review_endpoint,https://www.woot.com/review/Reviews/B0CQXB54JC,English written five-star reviews from the top-ranked endpoint pool.,Reviewer name and media URLs were not retained.,134,26,0,0,0,0.038834951456310676,2,0,0.07692307692307693,0,1,KOSPET TANK T3 Ultra,Electronics,0,-0.7050891874752991
amazon_68c0b1e4de8a0c4a,kospet_tank_t3_ultra,KOSPET,TANK T3 Ultra,Amazon,Amazon US,B0CQXB54JC,https://www.amazon.com/dp/B0CQXB54JC,"I was very pleased with the service provided. I had purchased the Tank T3 Ultra because it would give heart rate and blood pressure readings. However, the readings were not accurate which lead to my dissatisfaction. Amazon Customer Service were understanding of my concerns and made a generous offer for me to keep the watch plus a full refund. Which I did receive the refund. The action taken by Amazon was totally unexpected and well appreciated. Thank you!",Amazon is the best,5.0,2025-04-11,United States,True,0.0,en,public_woot_review_endpoint,https://www.woot.com/review/Reviews/B0CQXB54JC,English written five-star reviews from the top-ranked endpoint pool.,Reviewer name and media URLs were not retained.,459,78,1,0,1,0.03753351206434316,0,2,-0.02564102564102564,0,1,KOSPET TANK T3 Ultra,Electronics,0,-2.6868526653620455
amazon_6960f3611a72c1d0,kospet_tank_t3_ultra,KOSPET,TANK T3 Ultra,Amazon,Amazon US,B0CQXB54JC,https://www.amazon.com/dp/B0CQXB54JC,"This is an excellent watch with the most amazing screen and apps inside. For me personally I have a wrist over 7-1/4” so for me this watch is average size at 49mm and I thought it would sit larger on my wrist. It has a rather thin and cheap strap for my taste. I’m sending mine back and getting a 51mm watch. But that in no way should cause you to turn it down, for the price this is one hell of a damn great watch and you should grab one immediately.",Excellent product,5.0,2025-01-24,United States,True,0.0,en,public_woot_review_endpoint,https://www.woot.com/review/Reviews/B0CQXB54JC,English written five-star reviews from the top-ranked endpoint pool.,Reviewer name and media URLs were not retained.,451,95,0,0,7,0.02040816326530612,3,1,0.021052631578947368,0,1,KOSPET TANK T3 Ultra,Electronics,0,-0.32776155674964025
amazon_7d8da07d9c2a15c5,kospet_tank_t3_ultra,KOSPET,TANK T3 Ultra,Amazon,Amazon US,B0CQXB54JC,https://www.amazon.com/dp/B0CQXB54JC,Great functionality with apps that I find useful. The altimeter can be set to QNH and is good for flying. I would not get anything more out of buying an Apple watch at four times the price. Love it!,This Is A Really Great Smartwatch,5.0,2024-09-13,United States,True,0.0,en,public_woot_review_endpoint,https://www.woot.com/review/Reviews/B0CQXB54JC,English written five-star reviews from the top-ranked endpoint pool.,Reviewer name and media URLs were not retained.,198,39,1,0,0,0.057692307692307696,4,0,0.10256410256410256,0,1,KOSPET TANK T3 Ultra,Electronics,0,-0.48965640118207987
amazon_7e2bd10bbe776ce2,kospet_tank_t3_ultra,KOSPET,TANK T3 Ultra,Amazon,Amazon US,B0CQXB54JC,https://www.amazon.com/dp/B0CQXB54JC,"This is my fourth KOSPET watch and my favorite (of any brand) so far. It has the look, feel, and heft of a high-quality watch. It comes out of the box ready to set up and it uses the standard Kospet app. It offers several different faces and the display has excellent clarity. It has a multitude of built in functions. The vibrate function is strong enough to use as a wake up alarm. The buttons are solid and responsive. The compass and barometer are accurate enough for me to use at work. It is definitely waterproof; I shower with it daily and have immersed it in a foot of water. The construction is top notch -- well-sealed, durable, impact resistant, comfortable weight to it. The touch screen is sensitive, but not overly so. The battery life is excellent; I wear it 24 hours daily and only have to charge it once a week.","My favorite watch in 50 years, looks and feels high-end",5.0,2024-09-07,United States,True,4.0,en,public_woot_review_endpoint,https://www.woot.com/review/Reviews/B0CQXB54JC,English written five-star reviews from the top-ranked endpoint pool.,Reviewer name and media URLs were not retained.,828,155,0,0,2,0.03245749613601236,5,0,0.03225806451612903,0,1,KOSPET TANK T3 Ultra,Electronics,0,-1.5977962245636075
amazon_8e17b6214f5d9738,kospet_tank_t3_ultra,KOSPET,TANK T3 Ultra,Amazon,Amazon US,B0CQXB54JC,https://www.amazon.com/dp/B0CQXB54JC,"I purchased this watch because I get in the water very often so I needed something water proof I used for a month and work really good it has lots of watch faces for free, at the second month I had some minor issues with the weather not be accurate or synchronized with the watch and one of the buttons stopped working not big deal because works with the touch screen. I contacted the manufacturer and I was blown away with their response next day and right away asked for the type of issue that I had and apologizing for the inconvenience that was super satisfying, anyway I explained them the issue and they offered me to send me a new watch or a refund the money, (keep in mind that the Amazon return or warranty period of 30 days was already passed). This manufacturer definitely cares about customers and I will definitely recommend their products. I give them 5 start because they responded quick and fixed my issue super fast.",Customer service super responsive and courteous,5.0,2025-07-18,United States,True,0.0,en,public_woot_review_endpoint,https://www.woot.com/review/Reviews/B0CQXB54JC,English written five-star reviews from the top-ranked endpoint pool.,Reviewer name and media URLs were not retained.,933,171,0,0,3,0.017310252996005325,3,1,0.011695906432748537,0,1,KOSPET TANK T3 Ultra,Electronics,0,-2.849871733210604
amazon_9642a716c7f1398e,kospet_tank_t3_ultra,KOSPET,TANK T3 Ultra,Amazon,Amazon US,B0CQXB54JC,https://www.amazon.com/dp/B0CQXB54JC,The back came off and doesn't stay in sink,Need to be replaced back came off,5.0,2025-12-19,United States,True,0.0,en,public_woot_review_endpoint,https://www.woot.com/review/Reviews/B0CQXB54JC,English written five-star reviews from the top-ranked endpoint pool.,Reviewer name and media URLs were not retained.,42,10,0,0,0,0.030303030303030304,0,0,0.0,0,1,KOSPET TANK T3 Ultra,Electronics,0,-0.19136657640790544
amazon_a40facc17cfea5ba,kospet_tank_t3_ultra,KOSPET,TANK T3 Ultra,Amazon,Amazon US,B0CQXB54JC,https://www.amazon.com/dp/B0CQXB54JC,"This watch not only met but exceeded my expectations! First of all, it is seriously high quality material… it looks expensive but is super affordable! The package comes with the watch band, screen protector and charger. This was a gift for my spouse and he absolutely loved it!",High Quality Smart Watch!,5.0,2024-09-09,United States,True,0.0,en,public_woot_review_endpoint,https://www.woot.com/review/Reviews/B0CQXB54JC,English written five-star reviews from the top-ranked endpoint pool.,Reviewer name and media URLs were not retained.,277,48,3,0,0,0.017937219730941704,1,0,0.020833333333333332,0,1,KOSPET TANK T3 Ultra,Electronics,0,-2.188795077941006
amazon_a5f2cd5443feee22,kospet_tank_t3_ultra,KOSPET,TANK T3 Ultra,Amazon,Amazon US,B0CQXB54JC,https://www.amazon.com/dp/B0CQXB54JC,"Was my first smart watch and it's great, so glad I went with German craftsmanship!",T3 ultra,5.0,2024-07-25,United States,True,0.0,en,public_woot_review_endpoint,https://www.woot.com/review/Reviews/B0CQXB54JC,English written five-star reviews from the top-ranked endpoint pool.,Reviewer name and media URLs were not retained.,82,16,1,0,0,0.046153846153846156,1,0,0.0625,0,1,KOSPET TANK T3 Ultra,Electronics,0,-0.8999195745395594
amazon_b81536f2e8359439,kospet_tank_t3_ultra,KOSPET,TANK T3 Ultra,Amazon,Amazon US,B0CQXB54JC,https://www.amazon.com/dp/B0CQXB54JC,awesome technology,It does n does everything,5.0,2025-10-09,United States,True,0.0,en,public_woot_review_endpoint,https://www.woot.com/review/Reviews/B0CQXB54JC,English written five-star reviews from the top-ranked endpoint pool.,Reviewer name and media URLs were not retained.,18,2,0,0,0,0.0,1,0,0.5,0,1,KOSPET TANK T3 Ultra,Electronics,0,-0.20194906914130295
amazon_b8a04d12f87c8c52,kospet_tank_t3_ultra,KOSPET,TANK T3 Ultra,Amazon,Amazon US,B0CQXB54JC,https://www.amazon.com/dp/B0CQXB54JC,"The watch has a lot of features, but the most important to me is ruggedness and durability. I work on the farm and spend a lot of time hunting or getting ready for hunting season. So far this watch has proven it can take the abuse.",Very durable watch and long battery life,5.0,2024-08-18,United States,True,0.0,en,public_woot_review_endpoint,https://www.woot.com/review/Reviews/B0CQXB54JC,English written five-star reviews from the top-ranked endpoint pool.,Reviewer name and media URLs were not retained.,231,46,0,0,0,0.016483516483516484,0,0,0.0,0,1,KOSPET TANK T3 Ultra,Electronics,0,-0.7121737550884335
amazon_c8c8b5162e61aa46,kospet_tank_t3_ultra,KOSPET,TANK T3 Ultra,Amazon,Amazon US,B0CQXB54JC,https://www.amazon.com/dp/B0CQXB54JC,"Easy to use, good battery life. As expected. Update: After using it for a few days, I am impressed with the battery life and how easy it is to use. It can be paired with my iPhone easily and for day to day use, it’s not bad at all. The design is pretty sleek as well, it comfortably stays on my wrist and the strap is comfortable too. Highly recommend this if you don’t want to spend the extra money for big brands. This thing will do the job just fine.",Good smartwatch for the price,5.0,2024-08-30,United States,True,0.0,en,public_woot_review_endpoint,https://www.woot.com/review/Reviews/B0CQXB54JC,English written five-star reviews from the top-ranked endpoint pool.,Reviewer name and media URLs were not retained.,453,93,0,0,0,0.02865329512893983,5,1,0.043010752688172046,0,1,KOSPET TANK T3 Ultra,Electronics,0,-0.2053656887210702
amazon_cd3db58ddd00d918,kospet_tank_t3_ultra,KOSPET,TANK T3 Ultra,Amazon,Amazon US,B0CQXB54JC,https://www.amazon.com/dp/B0CQXB54JC,"I have had several health watches and bands - Mifit series, Amazfit, E500, ED500, Polar, Fitbit that form the basis of this rating. I have had this watch for 9 days so this is an early review, and I will comment on setup, build, basic functions, heart rate, steps, bluetooth calling, exercise features, sleep tracking, app and general functionality: Setup: Instructions to get going were clear, app download and linking were seamless Build: this is an attractive watch with a beautiful high resolution and bright screen, and 4 buttons. So far I have used the screens it came with, but others are available for download. One of those included suited me just fine. Over the 9 days the battery life has gone from 100% to 30% so the prospects of getting 12 days or so battery life (AOD is not on) seem very good. Basic functions: Are as advertised and all seem to work. I have noticed that if I am out of range of the phone most of the time the bluetooth disconnects, and one has to relaunch the phone app to make it work. Bluetooth calling and linkage to the phone contacts work flawlessly. Exercise automatic detection kicks in after 4 or 5 minutes into the exercise, so it may be better to choose it to begin with. GPS turns on for outdoor walking etc Heart rate: does not match the polar heart rate strap or the Amazfit worn at the same time. Interestingly it behaves as the Amazfit used to before they upgraded the software - the timing of the fluctuations matches the exercise level, but the reported high readings are inflated relative to the Polar. Resting heart rate is very accurate. Steps: Match the other devices very very well Exercises - a lot of them are bundled, and I have tried only a few. They seem to work as expected and generate a record on the watch and the app Sleep tracking seems to match the other devices I have App: The app is clear and works well. However, there are features that could be improved. Data export and linkage to google fit or other apps for later processing - may only be of interest to techie. Most important is to solve autobluetooth reconnect. Blood pressure: I dont think the numbers produced are real, but there is a nice plotting utility for them. On my other watches they allow the user to enter the BP from a regular testing machine - taken at the same time as the watch reading. After doing this 2 or 3 times, the watch seems to calibrate and subsequent readings are accurate. This watch does not have that option, and would be good for them to add.",very nice display and robust,5.0,2024-07-12,United States,True,13.0,en,public_woot_review_endpoint,https://www.woot.com/review/Reviews/B0CQXB54JC,English written five-star reviews from the top-ranked endpoint pool.,Reviewer name and media URLs were not retained.,2499,451,0,0,20,0.027536970933197347,3,0,0.0066518847006651885,0,1,KOSPET TANK T3 Ultra,Electronics,0,-4.605288071658791
amazon_dc305b44f1435421,kospet_tank_t3_ultra,KOSPET,TANK T3 Ultra,Amazon,Amazon US,B0CQXB54JC,https://www.amazon.com/dp/B0CQXB54JC,"Great Watch ! Formally An Apple Watch Owner, But After Purchasing This T3 Ultra I Was Highly Intrigued On What This Watch Can Do. I Highly Recommend This Watch To You If You’re Shopping For A Smart Watch ! Also, Their Customer Service Was Amazing, 10/10 ! I Can Tell You How Great This Watch Is, But It’s Up To You To Give It A Try.",Fantastic Watch !,5.0,2024-11-30,United States,True,0.0,en,public_woot_review_endpoint,https://www.woot.com/review/Reviews/B0CQXB54JC,English written five-star reviews from the top-ranked endpoint pool.,Reviewer name and media URLs were not retained.,332,66,3,0,5,0.248,4,0,0.06060606060606061,0,1,KOSPET TANK T3 Ultra,Electronics,1,0.06125907058374103
amazon_de4701128fe92fa0,kospet_tank_t3_ultra,KOSPET,TANK T3 Ultra,Amazon,Amazon US,B0CQXB54JC,https://www.amazon.com/dp/B0CQXB54JC,"First watch I received work fine except the battery was not as company claim last for 10 days or so,so I contacted customer service , Jansher was my customer service representative, without questions he offered me a replacement watch right away,with in three days I received the replacement watch and the new watch is working great and the battery is last for eight days and the battery still have 30% remain and I believe it will last for 10 days or more, I believe it a great company you can trust they stand behind their products and has a great after sales service, the watch is beautiful and the watch function much better than other expensive watch out there. Thanks Jansher Al",Kespet T3 Ultra,5.0,2024-08-27,United States,True,2.0,en,public_woot_review_endpoint,https://www.woot.com/review/Reviews/B0CQXB54JC,English written five-star reviews from the top-ranked endpoint pool.,Reviewer name and media URLs were not retained.,683,123,0,0,6,0.01824817518248175,3,0,0.024390243902439025,0,1,KOSPET TANK T3 Ultra,Electronics,0,-2.1394285632278445
amazon_e4be4b45e0d3e038,kospet_tank_t3_ultra,KOSPET,TANK T3 Ultra,Amazon,Amazon US,B0CQXB54JC,https://www.amazon.com/dp/B0CQXB54JC,"I haven't used it that long but need a watch I can were 24/7 witch includes bathing in it. A watch you have to charge is a pain in the ass and many of the top smart watches would not be a fit for me. The seller reached out to me about my thoughts. I expected a calendar that this watch doesn't have. The Kospet software is not as feature rich as many of the smart watches out their but so far the software that is there works. I haven't been able to get the voice assistant to work but I don't know how to set it up. The manual is weak. The watch appears very well made and I like the looks. I've seen watch faces it doesn't have that I wish it had, but the default watch face is very good about displaying the things I want to see. The sensors seem to be pretty accurate. It looks very rugged. The battery is amazing. I charged it 2 days ago and it shows 93% right now, and I have it set to take health readings every hour, and set to wake up when I lift my arm to see it. I have the display set to stay on 20 seconds when I access the watch menus. It is pretty responsive and scrolling is smooth. I think it is a great value. I'm liking it.",Seller sent email to follow up on delivery and experience with watch,5.0,2024-11-05,United States,True,3.0,en,public_woot_review_endpoint,https://www.woot.com/review/Reviews/B0CQXB54JC,English written five-star reviews from the top-ranked endpoint pool.,Reviewer name and media URLs were not retained.,1142,244,0,0,8,0.029885057471264367,3,1,0.00819672131147541,0,1,KOSPET TANK T3 Ultra,Electronics,0,-0.5588078733331991
amazon_e7dd0a8bf4b30bb6,kospet_tank_t3_ultra,KOSPET,TANK T3 Ultra,Amazon,Amazon US,B0CQXB54JC,https://www.amazon.com/dp/B0CQXB54JC,They works everything by replacing the old watch with a new! Wow that more than I expected!😀 The new watch is working GREAT! The Change is running LONGER that 2 weeks! wow!!! Jansher Thank you for everything!!!!,New watch,5.0,2024-07-17,United States,True,0.0,en,public_woot_review_endpoint,https://www.woot.com/review/Reviews/B0CQXB54JC,English written five-star reviews from the top-ranked endpoint pool.,Reviewer name and media URLs were not retained.,211,37,11,0,1,0.11728395061728394,1,0,0.02702702702702703,0,1,KOSPET TANK T3 Ultra,Electronics,0,-1.6474906385302481
amazon_ea9e2629f1f54f21,kospet_tank_t3_ultra,KOSPET,TANK T3 Ultra,Amazon,Amazon US,B0CQXB54JC,https://www.amazon.com/dp/B0CQXB54JC,"I had issues with pairing, but figured it out. I own several watches, put my LUMINOX away for this one, I like it!! Screen is bright, I need that, at 64 years old. Love the compass, has more features than my other smart watch.",KOSPET TANK T3 ULTRA,5.0,2024-09-04,United States,True,1.0,en,public_woot_review_endpoint,https://www.woot.com/review/Reviews/B0CQXB54JC,English written five-star reviews from the top-ranked endpoint pool.,Reviewer name and media URLs were not retained.,226,44,2,0,2,0.07647058823529412,1,0,0.022727272727272728,0,1,KOSPET TANK T3 Ultra,Electronics,0,-0.5803868699115551
amazon_efc80fe368ffbc3a,kospet_tank_t3_ultra,KOSPET,TANK T3 Ultra,Amazon,Amazon US,B0CQXB54JC,https://www.amazon.com/dp/B0CQXB54JC,"I got about 10 days out of the first full charge after getting it set up. It has a lot of the high end features without the really high end prices. The GPS could be more useful. It looks like you have to use ways which wouldn’t let me do anything without signing up for a free account that would start auto billing after a month. I’m not really sure what you are supposed to use the GPS for if you don’t have the subscription. The pressure sensor is interesting. The way the altimeter works is by air pressure, so whenever the barometric pressure changes my altitude changes.",Lots of features and long battery life.,5.0,2025-01-24,United States,True,0.0,en,public_woot_review_endpoint,https://www.woot.com/review/Reviews/B0CQXB54JC,English written five-star reviews from the top-ranked endpoint pool.,Reviewer name and media URLs were not retained.,575,111,0,0,2,0.02857142857142857,1,0,0.009009009009009009,0,1,KOSPET TANK T3 Ultra,Electronics,0,-2.1113363625461172
amazon_f17ff4b250fb5925,kospet_tank_t3_ultra,KOSPET,TANK T3 Ultra,Amazon,Amazon US,B0CQXB54JC,https://www.amazon.com/dp/B0CQXB54JC,"Very good watch long battery life and plenty of features, only thing I don't like is some features you can't change from metric to standard.",Watch,5.0,2025-01-28,United States,True,0.0,en,public_woot_review_endpoint,https://www.woot.com/review/Reviews/B0CQXB54JC,English written five-star reviews from the top-ranked endpoint pool.,Reviewer name and media URLs were not retained.,140,27,0,0,0,0.017857142857142856,1,0,0.037037037037037035,0,1,KOSPET TANK T3 Ultra,Electronics,0,-0.4980478443792211
amazon_f41473731a7f1184,kospet_tank_t3_ultra,KOSPET,TANK T3 Ultra,Amazon,Amazon US,B0CQXB54JC,https://www.amazon.com/dp/B0CQXB54JC,"You should use a sweat free band. I want a sweat free band that breathes. The watch is great and easy to set up, Thank You",Most Important change to the T3,5.0,2025-05-31,United States,True,0.0,en,public_woot_review_endpoint,https://www.woot.com/review/Reviews/B0CQXB54JC,English written five-star reviews from the top-ranked endpoint pool.,Reviewer name and media URLs were not retained.,122,26,0,0,0,0.05319148936170213,2,0,0.07692307692307693,0,1,KOSPET TANK T3 Ultra,Electronics,0,-0.2068655327953668
amazon_f57cdecfc55dc570,kospet_tank_t3_ultra,KOSPET,TANK T3 Ultra,Amazon,Amazon US,B0CQXB54JC,https://www.amazon.com/dp/B0CQXB54JC,"Have had this for about 4 months and it works very well. It is bright enough that on sunny days at medium brightness I can read the dial without problems. I turned off the feature of coming on when you lift your arm--wakes me and my wife at night, watching TV, or any activity, plus really drains the battery. It is very easy to touch the screen and it comes on for 5 seconds. Went on hikes at a state park and the steps and distances were right on. As to the battery, it is OK, and I charge when taking a shower, or just getting ready for night time sleep, not a big deal and from 50% to 100% is about 45 min, so again no problem. So any regrets--no. should I have paid twice the amount to get a Garmin--do not think so. Wish they had a smaller woman's model",works for me,5.0,2024-10-20,United States,True,0.0,en,public_woot_review_endpoint,https://www.woot.com/review/Reviews/B0CQXB54JC,English written five-star reviews from the top-ranked endpoint pool.,Reviewer name and media URLs were not retained.,759,156,0,0,9,0.027874564459930314,1,0,0.00641025641025641,0,1,KOSPET TANK T3 Ultra,Electronics,0,-2.603116163450713
amazon_fe942e86218bf256,kospet_tank_t3_ultra,KOSPET,TANK T3 Ultra,Amazon,Amazon US,B0CQXB54JC,https://www.amazon.com/dp/B0CQXB54JC,"Kospet, stand behind their product. I recommend to anyone their product and customer service. I will buy again another smart watch with Kospet in the future.",Good customer service,5.0,2024-07-20,United States,True,0.0,en,public_woot_review_endpoint,https://www.woot.com/review/Reviews/B0CQXB54JC,English written five-star reviews from the top-ranked endpoint pool.,Reviewer name and media URLs were not retained.,157,26,0,0,0,0.03125,1,0,0.038461538461538464,0,1,KOSPET TANK T3 Ultra,Electronics,0,-0.9022838968128906
